"scenario","region","subRegion","param","sources","x","xLabel","vintage","units","aggregate","classPalette","origScen","origQuery","origUnits","origX","value"
"Impacts","Argentina","Argentina","elecAnnualRetPrematureCost","Sources",2015,"Year","Vint_2015","Premature Elec Retire Cost (billion 2010 USD)","sum","pal_metis","Impacts","elec gen by gen tech and cooling tech and vintage","billion 2010 USD",2015,0
"Impacts","Argentina","Argentina","elecAnnualRetPrematureCost","Sources",2020,"Year","Vint_2020","Premature Elec Retire Cost (billion 2010 USD)","sum","pal_metis","Impacts","elec gen by gen tech and cooling tech and vintage","billion 2010 USD",2020,-0.0962205560831483
"Impacts","Argentina","Argentina","elecAnnualRetPrematureCost","Sources",2025,"Year","Vint_2025","Premature Elec Retire Cost (billion 2010 USD)","sum","pal_metis","Impacts","elec gen by gen tech and cooling tech and vintage","billion 2010 USD",2025,0
"Impacts","Argentina","Argentina","elecAnnualRetPrematureCost","Sources",2030,"Year","Vint_2030","Premature Elec Retire Cost (billion 2010 USD)","sum","pal_metis","Impacts","elec gen by gen tech and cooling tech and vintage","billion 2010 USD",2030,-4.98132147741356e-06
"Impacts","Argentina","Argentina","elecAnnualRetPrematureCost","Sources",2035,"Year","Vint_2035","Premature Elec Retire Cost (billion 2010 USD)","sum","pal_metis","Impacts","elec gen by gen tech and cooling tech and vintage","billion 2010 USD",2035,-6.06746915049478e-06
"Impacts","Argentina","Argentina","elecAnnualRetPrematureCost","Sources",2040,"Year","Vint_2040","Premature Elec Retire Cost (billion 2010 USD)","sum","pal_metis","Impacts","elec gen by gen tech and cooling tech and vintage","billion 2010 USD",2040,-1.47756747101261e-06
"Impacts","Argentina","Argentina","elecAnnualRetPrematureCost","Sources",2045,"Year","Vint_2045","Premature Elec Retire Cost (billion 2010 USD)","sum","pal_metis","Impacts","elec gen by gen tech and cooling tech and vintage","billion 2010 USD",2045,-0.0137352760103717
"Impacts","Argentina","Argentina","elecAnnualRetPrematureCost","Sources",2050,"Year","Vint_2050","Premature Elec Retire Cost (billion 2010 USD)","sum","pal_metis","Impacts","elec gen by gen tech and cooling tech and vintage","billion 2010 USD",2050,-0.0134216897892847
"Impacts","Argentina","Argentina","elecAnnualRetPrematureGW","Sources",2015,"Year","Vint_2015","Premature Elec Retire (GW)","sum","pal_metis","Impacts","elec gen by gen tech and cooling tech and vintage","GW",2015,0
"Impacts","Argentina","Argentina","elecAnnualRetPrematureGW","Sources",2020,"Year","Vint_2020","Premature Elec Retire (GW)","sum","pal_metis","Impacts","elec gen by gen tech and cooling tech and vintage","GW",2020,-0.0501089789074836
"Impacts","Argentina","Argentina","elecAnnualRetPrematureGW","Sources",2025,"Year","Vint_2025","Premature Elec Retire (GW)","sum","pal_metis","Impacts","elec gen by gen tech and cooling tech and vintage","GW",2025,0
"Impacts","Argentina","Argentina","elecAnnualRetPrematureGW","Sources",2030,"Year","Vint_2030","Premature Elec Retire (GW)","sum","pal_metis","Impacts","elec gen by gen tech and cooling tech and vintage","GW",2030,-1.20398065511233e-06
"Impacts","Argentina","Argentina","elecAnnualRetPrematureGW","Sources",2035,"Year","Vint_2035","Premature Elec Retire (GW)","sum","pal_metis","Impacts","elec gen by gen tech and cooling tech and vintage","GW",2035,-1.649834245711e-06
"Impacts","Argentina","Argentina","elecAnnualRetPrematureGW","Sources",2040,"Year","Vint_2040","Premature Elec Retire (GW)","sum","pal_metis","Impacts","elec gen by gen tech and cooling tech and vintage","GW",2040,-4.60040498024254e-07
"Impacts","Argentina","Argentina","elecAnnualRetPrematureGW","Sources",2045,"Year","Vint_2045","Premature Elec Retire (GW)","sum","pal_metis","Impacts","elec gen by gen tech and cooling tech and vintage","GW",2045,-0.0196809603722259
"Impacts","Argentina","Argentina","elecAnnualRetPrematureGW","Sources",2050,"Year","Vint_2050","Premature Elec Retire (GW)","sum","pal_metis","Impacts","elec gen by gen tech and cooling tech and vintage","GW",2050,-0.0249184163719358
"Impacts","Argentina","Argentina","elecCumCapCost","Sources",2015,"Year","Vint_2015","New Elec Cap Cost (billion 2010 USD)","sum","pal_metis","Impacts","elec gen by gen tech and cooling tech and vintage","billion 2010 USD",2015,0
"Impacts","Argentina","Argentina","elecCumCapCost","Sources",2020,"Year","Vint_2020","New Elec Cap Cost (billion 2010 USD)","sum","pal_metis","Impacts","elec gen by gen tech and cooling tech and vintage","billion 2010 USD",2020,25.921537382109
"Impacts","Argentina","Argentina","elecCumCapCost","Sources",2025,"Year","Vint_2025","New Elec Cap Cost (billion 2010 USD)","sum","pal_metis","Impacts","elec gen by gen tech and cooling tech and vintage","billion 2010 USD",2025,39.1008183699237
"Impacts","Argentina","Argentina","elecCumCapCost","Sources",2030,"Year","Vint_2030","New Elec Cap Cost (billion 2010 USD)","sum","pal_metis","Impacts","elec gen by gen tech and cooling tech and vintage","billion 2010 USD",2030,55.1056188199378
"Impacts","Argentina","Argentina","elecCumCapCost","Sources",2035,"Year","Vint_2035","New Elec Cap Cost (billion 2010 USD)","sum","pal_metis","Impacts","elec gen by gen tech and cooling tech and vintage","billion 2010 USD",2035,70.9460512912553
"Impacts","Argentina","Argentina","elecCumCapCost","Sources",2040,"Year","Vint_2040","New Elec Cap Cost (billion 2010 USD)","sum","pal_metis","Impacts","elec gen by gen tech and cooling tech and vintage","billion 2010 USD",2040,88.1251062202708
"Impacts","Argentina","Argentina","elecCumCapCost","Sources",2045,"Year","Vint_2045","New Elec Cap Cost (billion 2010 USD)","sum","pal_metis","Impacts","elec gen by gen tech and cooling tech and vintage","billion 2010 USD",2045,105.079812586873
"Impacts","Argentina","Argentina","elecCumCapCost","Sources",2050,"Year","Vint_2050","New Elec Cap Cost (billion 2010 USD)","sum","pal_metis","Impacts","elec gen by gen tech and cooling tech and vintage","billion 2010 USD",2050,117.725316888321
"Impacts","Argentina","Argentina","elecCumCapGW","Sources",2015,"Year","Vint_2015","New Elec Cap (GW)","sum","pal_metis","Impacts","elec gen by gen tech and cooling tech and vintage","GW",2015,15.0099934251471
"Impacts","Argentina","Argentina","elecCumCapGW","Sources",2020,"Year","Vint_2020","New Elec Cap (GW)","sum","pal_metis","Impacts","elec gen by gen tech and cooling tech and vintage","GW",2020,18.8674655538153
"Impacts","Argentina","Argentina","elecCumCapGW","Sources",2025,"Year","Vint_2025","New Elec Cap (GW)","sum","pal_metis","Impacts","elec gen by gen tech and cooling tech and vintage","GW",2025,26.239764399103
"Impacts","Argentina","Argentina","elecCumCapGW","Sources",2030,"Year","Vint_2030","New Elec Cap (GW)","sum","pal_metis","Impacts","elec gen by gen tech and cooling tech and vintage","GW",2030,35.0623718133682
"Impacts","Argentina","Argentina","elecCumCapGW","Sources",2035,"Year","Vint_2035","New Elec Cap (GW)","sum","pal_metis","Impacts","elec gen by gen tech and cooling tech and vintage","GW",2035,43.837583668607
"Impacts","Argentina","Argentina","elecCumCapGW","Sources",2040,"Year","Vint_2040","New Elec Cap (GW)","sum","pal_metis","Impacts","elec gen by gen tech and cooling tech and vintage","GW",2040,53.3450566997986
"Impacts","Argentina","Argentina","elecCumCapGW","Sources",2045,"Year","Vint_2045","New Elec Cap (GW)","sum","pal_metis","Impacts","elec gen by gen tech and cooling tech and vintage","GW",2045,62.9113149884947
"Impacts","Argentina","Argentina","elecCumCapGW","Sources",2050,"Year","Vint_2050","New Elec Cap (GW)","sum","pal_metis","Impacts","elec gen by gen tech and cooling tech and vintage","GW",2050,70.0877099346977
"Impacts","Argentina","Argentina","elecCumRetPrematureCost","Sources",2015,"Year","Vint_2015","Premature Elec Retire Cost (billion 2010 USD)","sum","pal_metis","Impacts","elec gen by gen tech and cooling tech and vintage","billion 2010 USD",2015,0
"Impacts","Argentina","Argentina","elecCumRetPrematureCost","Sources",2020,"Year","Vint_2020","Premature Elec Retire Cost (billion 2010 USD)","sum","pal_metis","Impacts","elec gen by gen tech and cooling tech and vintage","billion 2010 USD",2020,-0.0962205560831483
"Impacts","Argentina","Argentina","elecCumRetPrematureCost","Sources",2025,"Year","Vint_2025","Premature Elec Retire Cost (billion 2010 USD)","sum","pal_metis","Impacts","elec gen by gen tech and cooling tech and vintage","billion 2010 USD",2025,-0.0962205560831483
"Impacts","Argentina","Argentina","elecCumRetPrematureCost","Sources",2030,"Year","Vint_2030","Premature Elec Retire Cost (billion 2010 USD)","sum","pal_metis","Impacts","elec gen by gen tech and cooling tech and vintage","billion 2010 USD",2030,-0.0962255374046257
"Impacts","Argentina","Argentina","elecCumRetPrematureCost","Sources",2035,"Year","Vint_2035","Premature Elec Retire Cost (billion 2010 USD)","sum","pal_metis","Impacts","elec gen by gen tech and cooling tech and vintage","billion 2010 USD",2035,-0.0962316048737762
"Impacts","Argentina","Argentina","elecCumRetPrematureCost","Sources",2040,"Year","Vint_2040","Premature Elec Retire Cost (billion 2010 USD)","sum","pal_metis","Impacts","elec gen by gen tech and cooling tech and vintage","billion 2010 USD",2040,-0.0962330824412472
"Impacts","Argentina","Argentina","elecCumRetPrematureCost","Sources",2045,"Year","Vint_2045","Premature Elec Retire Cost (billion 2010 USD)","sum","pal_metis","Impacts","elec gen by gen tech and cooling tech and vintage","billion 2010 USD",2045,-0.109968358451619
"Impacts","Argentina","Argentina","elecCumRetPrematureCost","Sources",2050,"Year","Vint_2050","Premature Elec Retire Cost (billion 2010 USD)","sum","pal_metis","Impacts","elec gen by gen tech and cooling tech and vintage","billion 2010 USD",2050,-0.123390048240904
"Impacts","Argentina","Argentina","elecCumRetPrematureGW","Sources",2015,"Year","Vint_2015","Premature Elec Retire (GW)","sum","pal_metis","Impacts","elec gen by gen tech and cooling tech and vintage","GW",2015,0
"Impacts","Argentina","Argentina","elecCumRetPrematureGW","Sources",2020,"Year","Vint_2020","Premature Elec Retire (GW)","sum","pal_metis","Impacts","elec gen by gen tech and cooling tech and vintage","GW",2020,-0.0501089789074836
"Impacts","Argentina","Argentina","elecCumRetPrematureGW","Sources",2025,"Year","Vint_2025","Premature Elec Retire (GW)","sum","pal_metis","Impacts","elec gen by gen tech and cooling tech and vintage","GW",2025,-0.0501089789074836
"Impacts","Argentina","Argentina","elecCumRetPrematureGW","Sources",2030,"Year","Vint_2030","Premature Elec Retire (GW)","sum","pal_metis","Impacts","elec gen by gen tech and cooling tech and vintage","GW",2030,-0.0501101828881387
"Impacts","Argentina","Argentina","elecCumRetPrematureGW","Sources",2035,"Year","Vint_2035","Premature Elec Retire (GW)","sum","pal_metis","Impacts","elec gen by gen tech and cooling tech and vintage","GW",2035,-0.0501118327223844
"Impacts","Argentina","Argentina","elecCumRetPrematureGW","Sources",2040,"Year","Vint_2040","Premature Elec Retire (GW)","sum","pal_metis","Impacts","elec gen by gen tech and cooling tech and vintage","GW",2040,-0.0501122927628825
"Impacts","Argentina","Argentina","elecCumRetPrematureGW","Sources",2045,"Year","Vint_2045","Premature Elec Retire (GW)","sum","pal_metis","Impacts","elec gen by gen tech and cooling tech and vintage","GW",2045,-0.0697932531351084
"Impacts","Argentina","Argentina","elecCumRetPrematureGW","Sources",2050,"Year","Vint_2050","Premature Elec Retire (GW)","sum","pal_metis","Impacts","elec gen by gen tech and cooling tech and vintage","GW",2050,-0.0947116695070442
"Impacts","Argentina","Argentina","elecNewCapCost","Sources",2015,"Year","Vint_2015","New Elec Cap Cost (Billion 2010 USD)","sum","pal_metis","Impacts","elec gen by gen tech and cooling tech and vintage","billion 2010 USD",2015,0
"Impacts","Argentina","Argentina","elecNewCapCost","Sources",2020,"Year","Vint_2020","New Elec Cap Cost (Billion 2010 USD)","sum","pal_metis","Impacts","elec gen by gen tech and cooling tech and vintage","billion 2010 USD",2020,6.84039962322152
"Impacts","Argentina","Argentina","elecNewCapCost","Sources",2025,"Year","Vint_2025","New Elec Cap Cost (Billion 2010 USD)","sum","pal_metis","Impacts","elec gen by gen tech and cooling tech and vintage","billion 2010 USD",2025,13.1792809878147
"Impacts","Argentina","Argentina","elecNewCapCost","Sources",2030,"Year","Vint_2030","New Elec Cap Cost (Billion 2010 USD)","sum","pal_metis","Impacts","elec gen by gen tech and cooling tech and vintage","billion 2010 USD",2030,16.0048004500141
"Impacts","Argentina","Argentina","elecNewCapCost","Sources",2035,"Year","Vint_2035","New Elec Cap Cost (Billion 2010 USD)","sum","pal_metis","Impacts","elec gen by gen tech and cooling tech and vintage","billion 2010 USD",2035,15.8404324713175
"Impacts","Argentina","Argentina","elecNewCapCost","Sources",2040,"Year","Vint_2040","New Elec Cap Cost (Billion 2010 USD)","sum","pal_metis","Impacts","elec gen by gen tech and cooling tech and vintage","billion 2010 USD",2040,17.1790549290155
"Impacts","Argentina","Argentina","elecNewCapCost","Sources",2045,"Year","Vint_2045","New Elec Cap Cost (Billion 2010 USD)","sum","pal_metis","Impacts","elec gen by gen tech and cooling tech and vintage","billion 2010 USD",2045,16.9547063666026
"Impacts","Argentina","Argentina","elecNewCapCost","Sources",2050,"Year","Vint_2050","New Elec Cap Cost (Billion 2010 USD)","sum","pal_metis","Impacts","elec gen by gen tech and cooling tech and vintage","billion 2010 USD",2050,12.645504301448
"Impacts","Argentina","Argentina","elecNewCapGW","Sources",2015,"Year","Vint_2015","New Elec Cap (GW)","sum","pal_metis","Impacts","elec gen by gen tech and cooling tech and vintage","GW",2015,15.0099934251471
"Impacts","Argentina","Argentina","elecNewCapGW","Sources",2020,"Year","Vint_2020","New Elec Cap (GW)","sum","pal_metis","Impacts","elec gen by gen tech and cooling tech and vintage","GW",2020,3.85747212866817
"Impacts","Argentina","Argentina","elecNewCapGW","Sources",2025,"Year","Vint_2025","New Elec Cap (GW)","sum","pal_metis","Impacts","elec gen by gen tech and cooling tech and vintage","GW",2025,7.37229884528767
"Impacts","Argentina","Argentina","elecNewCapGW","Sources",2030,"Year","Vint_2030","New Elec Cap (GW)","sum","pal_metis","Impacts","elec gen by gen tech and cooling tech and vintage","GW",2030,8.82260741426525
"Impacts","Argentina","Argentina","elecNewCapGW","Sources",2035,"Year","Vint_2035","New Elec Cap (GW)","sum","pal_metis","Impacts","elec gen by gen tech and cooling tech and vintage","GW",2035,8.77521185523878
"Impacts","Argentina","Argentina","elecNewCapGW","Sources",2040,"Year","Vint_2040","New Elec Cap (GW)","sum","pal_metis","Impacts","elec gen by gen tech and cooling tech and vintage","GW",2040,9.50747303119162
"Impacts","Argentina","Argentina","elecNewCapGW","Sources",2045,"Year","Vint_2045","New Elec Cap (GW)","sum","pal_metis","Impacts","elec gen by gen tech and cooling tech and vintage","GW",2045,9.56625828869607
"Impacts","Argentina","Argentina","elecNewCapGW","Sources",2050,"Year","Vint_2050","New Elec Cap (GW)","sum","pal_metis","Impacts","elec gen by gen tech and cooling tech and vintage","GW",2050,7.17639494620305
"Impacts","Colombia","Colombia","elecAnnualRetPrematureCost","Sources",2015,"Year","Vint_2015","Premature Elec Retire Cost (billion 2010 USD)","sum","pal_metis","Impacts","elec gen by gen tech and cooling tech and vintage","billion 2010 USD",2015,0
"Impacts","Colombia","Colombia","elecAnnualRetPrematureCost","Sources",2020,"Year","Vint_2020","Premature Elec Retire Cost (billion 2010 USD)","sum","pal_metis","Impacts","elec gen by gen tech and cooling tech and vintage","billion 2010 USD",2020,-0.129894443615677
"Impacts","Colombia","Colombia","elecAnnualRetPrematureCost","Sources",2025,"Year","Vint_2025","Premature Elec Retire Cost (billion 2010 USD)","sum","pal_metis","Impacts","elec gen by gen tech and cooling tech and vintage","billion 2010 USD",2025,-0.151142987553265
"Impacts","Colombia","Colombia","elecAnnualRetPrematureCost","Sources",2030,"Year","Vint_2030","Premature Elec Retire Cost (billion 2010 USD)","sum","pal_metis","Impacts","elec gen by gen tech and cooling tech and vintage","billion 2010 USD",2030,0
"Impacts","Colombia","Colombia","elecAnnualRetPrematureCost","Sources",2035,"Year","Vint_2035","Premature Elec Retire Cost (billion 2010 USD)","sum","pal_metis","Impacts","elec gen by gen tech and cooling tech and vintage","billion 2010 USD",2035,0
"Impacts","Colombia","Colombia","elecAnnualRetPrematureCost","Sources",2040,"Year","Vint_2040","Premature Elec Retire Cost (billion 2010 USD)","sum","pal_metis","Impacts","elec gen by gen tech and cooling tech and vintage","billion 2010 USD",2040,0
"Impacts","Colombia","Colombia","elecAnnualRetPrematureCost","Sources",2045,"Year","Vint_2045","Premature Elec Retire Cost (billion 2010 USD)","sum","pal_metis","Impacts","elec gen by gen tech and cooling tech and vintage","billion 2010 USD",2045,0
"Impacts","Colombia","Colombia","elecAnnualRetPrematureCost","Sources",2050,"Year","Vint_2050","Premature Elec Retire Cost (billion 2010 USD)","sum","pal_metis","Impacts","elec gen by gen tech and cooling tech and vintage","billion 2010 USD",2050,-2.96798623430766e-05
"Impacts","Colombia","Colombia","elecAnnualRetPrematureGW","Sources",2015,"Year","Vint_2015","Premature Elec Retire (GW)","sum","pal_metis","Impacts","elec gen by gen tech and cooling tech and vintage","GW",2015,0
"Impacts","Colombia","Colombia","elecAnnualRetPrematureGW","Sources",2020,"Year","Vint_2020","Premature Elec Retire (GW)","sum","pal_metis","Impacts","elec gen by gen tech and cooling tech and vintage","GW",2020,-0.0930852593931185
"Impacts","Colombia","Colombia","elecAnnualRetPrematureGW","Sources",2025,"Year","Vint_2025","Premature Elec Retire (GW)","sum","pal_metis","Impacts","elec gen by gen tech and cooling tech and vintage","GW",2025,-0.0799147110743799
"Impacts","Colombia","Colombia","elecAnnualRetPrematureGW","Sources",2030,"Year","Vint_2030","Premature Elec Retire (GW)","sum","pal_metis","Impacts","elec gen by gen tech and cooling tech and vintage","GW",2030,0
"Impacts","Colombia","Colombia","elecAnnualRetPrematureGW","Sources",2035,"Year","Vint_2035","Premature Elec Retire (GW)","sum","pal_metis","Impacts","elec gen by gen tech and cooling tech and vintage","GW",2035,0
"Impacts","Colombia","Colombia","elecAnnualRetPrematureGW","Sources",2040,"Year","Vint_2040","Premature Elec Retire (GW)","sum","pal_metis","Impacts","elec gen by gen tech and cooling tech and vintage","GW",2040,0
"Impacts","Colombia","Colombia","elecAnnualRetPrematureGW","Sources",2045,"Year","Vint_2045","Premature Elec Retire (GW)","sum","pal_metis","Impacts","elec gen by gen tech and cooling tech and vintage","GW",2045,0
"Impacts","Colombia","Colombia","elecAnnualRetPrematureGW","Sources",2050,"Year","Vint_2050","Premature Elec Retire (GW)","sum","pal_metis","Impacts","elec gen by gen tech and cooling tech and vintage","GW",2050,-6.71711322053904e-06
"Impacts","Colombia","Colombia","elecCumCapCost","Sources",2015,"Year","Vint_2015","New Elec Cap Cost (billion 2010 USD)","sum","pal_metis","Impacts","elec gen by gen tech and cooling tech and vintage","billion 2010 USD",2015,0
"Impacts","Colombia","Colombia","elecCumCapCost","Sources",2020,"Year","Vint_2020","New Elec Cap Cost (billion 2010 USD)","sum","pal_metis","Impacts","elec gen by gen tech and cooling tech and vintage","billion 2010 USD",2020,12.5277515794325
"Impacts","Colombia","Colombia","elecCumCapCost","Sources",2025,"Year","Vint_2025","New Elec Cap Cost (billion 2010 USD)","sum","pal_metis","Impacts","elec gen by gen tech and cooling tech and vintage","billion 2010 USD",2025,20.7740540364281
"Impacts","Colombia","Colombia","elecCumCapCost","Sources",2030,"Year","Vint_2030","New Elec Cap Cost (billion 2010 USD)","sum","pal_metis","Impacts","elec gen by gen tech and cooling tech and vintage","billion 2010 USD",2030,29.6817670262509
"Impacts","Colombia","Colombia","elecCumCapCost","Sources",2035,"Year","Vint_2035","New Elec Cap Cost (billion 2010 USD)","sum","pal_metis","Impacts","elec gen by gen tech and cooling tech and vintage","billion 2010 USD",2035,40.5523071918608
"Impacts","Colombia","Colombia","elecCumCapCost","Sources",2040,"Year","Vint_2040","New Elec Cap Cost (billion 2010 USD)","sum","pal_metis","Impacts","elec gen by gen tech and cooling tech and vintage","billion 2010 USD",2040,53.8383826071298
"Impacts","Colombia","Colombia","elecCumCapCost","Sources",2045,"Year","Vint_2045","New Elec Cap Cost (billion 2010 USD)","sum","pal_metis","Impacts","elec gen by gen tech and cooling tech and vintage","billion 2010 USD",2045,68.2815662222242
"Impacts","Colombia","Colombia","elecCumCapCost","Sources",2050,"Year","Vint_2050","New Elec Cap Cost (billion 2010 USD)","sum","pal_metis","Impacts","elec gen by gen tech and cooling tech and vintage","billion 2010 USD",2050,83.3406578574547
"Impacts","Colombia","Colombia","elecCumCapGW","Sources",2015,"Year","Vint_2015","New Elec Cap (GW)","sum","pal_metis","Impacts","elec gen by gen tech and cooling tech and vintage","GW",2015,4.07426139554622
"Impacts","Colombia","Colombia","elecCumCapGW","Sources",2020,"Year","Vint_2020","New Elec Cap (GW)","sum","pal_metis","Impacts","elec gen by gen tech and cooling tech and vintage","GW",2020,4.63157716958121
"Impacts","Colombia","Colombia","elecCumCapGW","Sources",2025,"Year","Vint_2025","New Elec Cap (GW)","sum","pal_metis","Impacts","elec gen by gen tech and cooling tech and vintage","GW",2025,4.64730952007906
"Impacts","Colombia","Colombia","elecCumCapGW","Sources",2030,"Year","Vint_2030","New Elec Cap (GW)","sum","pal_metis","Impacts","elec gen by gen tech and cooling tech and vintage","GW",2030,7.2425993541269
"Impacts","Colombia","Colombia","elecCumCapGW","Sources",2035,"Year","Vint_2035","New Elec Cap (GW)","sum","pal_metis","Impacts","elec gen by gen tech and cooling tech and vintage","GW",2035,11.7577581844392
"Impacts","Colombia","Colombia","elecCumCapGW","Sources",2040,"Year","Vint_2040","New Elec Cap (GW)","sum","pal_metis","Impacts","elec gen by gen tech and cooling tech and vintage","GW",2040,17.4754158268722
"Impacts","Colombia","Colombia","elecCumCapGW","Sources",2045,"Year","Vint_2045","New Elec Cap (GW)","sum","pal_metis","Impacts","elec gen by gen tech and cooling tech and vintage","GW",2045,24.0505389141554
"Impacts","Colombia","Colombia","elecCumCapGW","Sources",2050,"Year","Vint_2050","New Elec Cap (GW)","sum","pal_metis","Impacts","elec gen by gen tech and cooling tech and vintage","GW",2050,31.0582137866605
"Impacts","Colombia","Colombia","elecCumRetPrematureCost","Sources",2015,"Year","Vint_2015","Premature Elec Retire Cost (billion 2010 USD)","sum","pal_metis","Impacts","elec gen by gen tech and cooling tech and vintage","billion 2010 USD",2015,0
"Impacts","Colombia","Colombia","elecCumRetPrematureCost","Sources",2020,"Year","Vint_2020","Premature Elec Retire Cost (billion 2010 USD)","sum","pal_metis","Impacts","elec gen by gen tech and cooling tech and vintage","billion 2010 USD",2020,-0.129894443615677
"Impacts","Colombia","Colombia","elecCumRetPrematureCost","Sources",2025,"Year","Vint_2025","Premature Elec Retire Cost (billion 2010 USD)","sum","pal_metis","Impacts","elec gen by gen tech and cooling tech and vintage","billion 2010 USD",2025,-0.281037431168941
"Impacts","Colombia","Colombia","elecCumRetPrematureCost","Sources",2030,"Year","Vint_2030","Premature Elec Retire Cost (billion 2010 USD)","sum","pal_metis","Impacts","elec gen by gen tech and cooling tech and vintage","billion 2010 USD",2030,-0.281037431168941
"Impacts","Colombia","Colombia","elecCumRetPrematureCost","Sources",2035,"Year","Vint_2035","Premature Elec Retire Cost (billion 2010 USD)","sum","pal_metis","Impacts","elec gen by gen tech and cooling tech and vintage","billion 2010 USD",2035,-0.281037431168941
"Impacts","Colombia","Colombia","elecCumRetPrematureCost","Sources",2040,"Year","Vint_2040","Premature Elec Retire Cost (billion 2010 USD)","sum","pal_metis","Impacts","elec gen by gen tech and cooling tech and vintage","billion 2010 USD",2040,-0.281037431168941
"Impacts","Colombia","Colombia","elecCumRetPrematureCost","Sources",2045,"Year","Vint_2045","Premature Elec Retire Cost (billion 2010 USD)","sum","pal_metis","Impacts","elec gen by gen tech and cooling tech and vintage","billion 2010 USD",2045,-0.281037431168941
"Impacts","Colombia","Colombia","elecCumRetPrematureCost","Sources",2050,"Year","Vint_2050","Premature Elec Retire Cost (billion 2010 USD)","sum","pal_metis","Impacts","elec gen by gen tech and cooling tech and vintage","billion 2010 USD",2050,-0.281067111031284
"Impacts","Colombia","Colombia","elecCumRetPrematureGW","Sources",2015,"Year","Vint_2015","Premature Elec Retire (GW)","sum","pal_metis","Impacts","elec gen by gen tech and cooling tech and vintage","GW",2015,0
"Impacts","Colombia","Colombia","elecCumRetPrematureGW","Sources",2020,"Year","Vint_2020","Premature Elec Retire (GW)","sum","pal_metis","Impacts","elec gen by gen tech and cooling tech and vintage","GW",2020,-0.0930852593931185
"Impacts","Colombia","Colombia","elecCumRetPrematureGW","Sources",2025,"Year","Vint_2025","Premature Elec Retire (GW)","sum","pal_metis","Impacts","elec gen by gen tech and cooling tech and vintage","GW",2025,-0.172999970467498
"Impacts","Colombia","Colombia","elecCumRetPrematureGW","Sources",2030,"Year","Vint_2030","Premature Elec Retire (GW)","sum","pal_metis","Impacts","elec gen by gen tech and cooling tech and vintage","GW",2030,-0.172999970467498
"Impacts","Colombia","Colombia","elecCumRetPrematureGW","Sources",2035,"Year","Vint_2035","Premature Elec Retire (GW)","sum","pal_metis","Impacts","elec gen by gen tech and cooling tech and vintage","GW",2035,-0.172999970467498
"Impacts","Colombia","Colombia","elecCumRetPrematureGW","Sources",2040,"Year","Vint_2040","Premature Elec Retire (GW)","sum","pal_metis","Impacts","elec gen by gen tech and cooling tech and vintage","GW",2040,-0.172999970467498
"Impacts","Colombia","Colombia","elecCumRetPrematureGW","Sources",2045,"Year","Vint_2045","Premature Elec Retire (GW)","sum","pal_metis","Impacts","elec gen by gen tech and cooling tech and vintage","GW",2045,-0.172999970467498
"Impacts","Colombia","Colombia","elecCumRetPrematureGW","Sources",2050,"Year","Vint_2050","Premature Elec Retire (GW)","sum","pal_metis","Impacts","elec gen by gen tech and cooling tech and vintage","GW",2050,-0.173006687580719
"Impacts","Colombia","Colombia","elecNewCapCost","Sources",2015,"Year","Vint_2015","New Elec Cap Cost (Billion 2010 USD)","sum","pal_metis","Impacts","elec gen by gen tech and cooling tech and vintage","billion 2010 USD",2015,0
"Impacts","Colombia","Colombia","elecNewCapCost","Sources",2020,"Year","Vint_2020","New Elec Cap Cost (Billion 2010 USD)","sum","pal_metis","Impacts","elec gen by gen tech and cooling tech and vintage","billion 2010 USD",2020,6.2635794610781
"Impacts","Colombia","Colombia","elecNewCapCost","Sources",2025,"Year","Vint_2025","New Elec Cap Cost (Billion 2010 USD)","sum","pal_metis","Impacts","elec gen by gen tech and cooling tech and vintage","billion 2010 USD",2025,8.24630245699565
"Impacts","Colombia","Colombia","elecNewCapCost","Sources",2030,"Year","Vint_2030","New Elec Cap Cost (Billion 2010 USD)","sum","pal_metis","Impacts","elec gen by gen tech and cooling tech and vintage","billion 2010 USD",2030,8.90771298982279
"Impacts","Colombia","Colombia","elecNewCapCost","Sources",2035,"Year","Vint_2035","New Elec Cap Cost (Billion 2010 USD)","sum","pal_metis","Impacts","elec gen by gen tech and cooling tech and vintage","billion 2010 USD",2035,10.8705401656098
"Impacts","Colombia","Colombia","elecNewCapCost","Sources",2040,"Year","Vint_2040","New Elec Cap Cost (Billion 2010 USD)","sum","pal_metis","Impacts","elec gen by gen tech and cooling tech and vintage","billion 2010 USD",2040,13.286075415269
"Impacts","Colombia","Colombia","elecNewCapCost","Sources",2045,"Year","Vint_2045","New Elec Cap Cost (Billion 2010 USD)","sum","pal_metis","Impacts","elec gen by gen tech and cooling tech and vintage","billion 2010 USD",2045,14.4431836150945
"Impacts","Colombia","Colombia","elecNewCapCost","Sources",2050,"Year","Vint_2050","New Elec Cap Cost (Billion 2010 USD)","sum","pal_metis","Impacts","elec gen by gen tech and cooling tech and vintage","billion 2010 USD",2050,15.0590916352305
"Impacts","Colombia","Colombia","elecNewCapGW","Sources",2015,"Year","Vint_2015","New Elec Cap (GW)","sum","pal_metis","Impacts","elec gen by gen tech and cooling tech and vintage","GW",2015,4.07426139554622
"Impacts","Colombia","Colombia","elecNewCapGW","Sources",2020,"Year","Vint_2020","New Elec Cap (GW)","sum","pal_metis","Impacts","elec gen by gen tech and cooling tech and vintage","GW",2020,0.557315774034988
"Impacts","Colombia","Colombia","elecNewCapGW","Sources",2025,"Year","Vint_2025","New Elec Cap (GW)","sum","pal_metis","Impacts","elec gen by gen tech and cooling tech and vintage","GW",2025,0.0157323504978521
"Impacts","Colombia","Colombia","elecNewCapGW","Sources",2030,"Year","Vint_2030","New Elec Cap (GW)","sum","pal_metis","Impacts","elec gen by gen tech and cooling tech and vintage","GW",2030,2.59528983404784
"Impacts","Colombia","Colombia","elecNewCapGW","Sources",2035,"Year","Vint_2035","New Elec Cap (GW)","sum","pal_metis","Impacts","elec gen by gen tech and cooling tech and vintage","GW",2035,4.51515883031234
"Impacts","Colombia","Colombia","elecNewCapGW","Sources",2040,"Year","Vint_2040","New Elec Cap (GW)","sum","pal_metis","Impacts","elec gen by gen tech and cooling tech and vintage","GW",2040,5.71765764243295
"Impacts","Colombia","Colombia","elecNewCapGW","Sources",2045,"Year","Vint_2045","New Elec Cap (GW)","sum","pal_metis","Impacts","elec gen by gen tech and cooling tech and vintage","GW",2045,6.57512308728322
"Impacts","Colombia","Colombia","elecNewCapGW","Sources",2050,"Year","Vint_2050","New Elec Cap (GW)","sum","pal_metis","Impacts","elec gen by gen tech and cooling tech and vintage","GW",2050,7.00767487250507
"Policy","Argentina","Argentina","elecAnnualRetPrematureCost","Sources",2015,"Year","Vint_2015","Premature Elec Retire Cost (billion 2010 USD)","sum","pal_metis","Policy","elec gen by gen tech and cooling tech and vintage","billion 2010 USD",2015,0
"Policy","Argentina","Argentina","elecAnnualRetPrematureCost","Sources",2020,"Year","Vint_2020","Premature Elec Retire Cost (billion 2010 USD)","sum","pal_metis","Policy","elec gen by gen tech and cooling tech and vintage","billion 2010 USD",2020,-0.280029134166237
"Policy","Argentina","Argentina","elecAnnualRetPrematureCost","Sources",2025,"Year","Vint_2025","Premature Elec Retire Cost (billion 2010 USD)","sum","pal_metis","Policy","elec gen by gen tech and cooling tech and vintage","billion 2010 USD",2025,-3.54427120658888
"Policy","Argentina","Argentina","elecAnnualRetPrematureCost","Sources",2030,"Year","Vint_2030","Premature Elec Retire Cost (billion 2010 USD)","sum","pal_metis","Policy","elec gen by gen tech and cooling tech and vintage","billion 2010 USD",2030,-1.97266603031031
"Policy","Argentina","Argentina","elecAnnualRetPrematureCost","Sources",2035,"Year","Vint_2035","Premature Elec Retire Cost (billion 2010 USD)","sum","pal_metis","Policy","elec gen by gen tech and cooling tech and vintage","billion 2010 USD",2035,-1.47018987458532
"Policy","Argentina","Argentina","elecAnnualRetPrematureCost","Sources",2040,"Year","Vint_2040","Premature Elec Retire Cost (billion 2010 USD)","sum","pal_metis","Policy","elec gen by gen tech and cooling tech and vintage","billion 2010 USD",2040,-1.14679066114105
"Policy","Argentina","Argentina","elecAnnualRetPrematureCost","Sources",2045,"Year","Vint_2045","Premature Elec Retire Cost (billion 2010 USD)","sum","pal_metis","Policy","elec gen by gen tech and cooling tech and vintage","billion 2010 USD",2045,-0.906704573580151
"Policy","Argentina","Argentina","elecAnnualRetPrematureCost","Sources",2050,"Year","Vint_2050","Premature Elec Retire Cost (billion 2010 USD)","sum","pal_metis","Policy","elec gen by gen tech and cooling tech and vintage","billion 2010 USD",2050,-0.576794746810062
"Policy","Argentina","Argentina","elecAnnualRetPrematureGW","Sources",2015,"Year","Vint_2015","Premature Elec Retire (GW)","sum","pal_metis","Policy","elec gen by gen tech and cooling tech and vintage","GW",2015,0
"Policy","Argentina","Argentina","elecAnnualRetPrematureGW","Sources",2020,"Year","Vint_2020","Premature Elec Retire (GW)","sum","pal_metis","Policy","elec gen by gen tech and cooling tech and vintage","GW",2020,-0.200302968325273
"Policy","Argentina","Argentina","elecAnnualRetPrematureGW","Sources",2025,"Year","Vint_2025","Premature Elec Retire (GW)","sum","pal_metis","Policy","elec gen by gen tech and cooling tech and vintage","GW",2025,-2.25212959850566
"Policy","Argentina","Argentina","elecAnnualRetPrematureGW","Sources",2030,"Year","Vint_2030","Premature Elec Retire (GW)","sum","pal_metis","Policy","elec gen by gen tech and cooling tech and vintage","GW",2030,-1.31054425140639
"Policy","Argentina","Argentina","elecAnnualRetPrematureGW","Sources",2035,"Year","Vint_2035","Premature Elec Retire (GW)","sum","pal_metis","Policy","elec gen by gen tech and cooling tech and vintage","GW",2035,-0.99522608482508
"Policy","Argentina","Argentina","elecAnnualRetPrematureGW","Sources",2040,"Year","Vint_2040","Premature Elec Retire (GW)","sum","pal_metis","Policy","elec gen by gen tech and cooling tech and vintage","GW",2040,-0.722965333410593
"Policy","Argentina","Argentina","elecAnnualRetPrematureGW","Sources",2045,"Year","Vint_2045","Premature Elec Retire (GW)","sum","pal_metis","Policy","elec gen by gen tech and cooling tech and vintage","GW",2045,-0.702257373349824
"Policy","Argentina","Argentina","elecAnnualRetPrematureGW","Sources",2050,"Year","Vint_2050","Premature Elec Retire (GW)","sum","pal_metis","Policy","elec gen by gen tech and cooling tech and vintage","GW",2050,-0.591170851629864
"Policy","Argentina","Argentina","elecCumCapCost","Sources",2015,"Year","Vint_2015","New Elec Cap Cost (billion 2010 USD)","sum","pal_metis","Policy","elec gen by gen tech and cooling tech and vintage","billion 2010 USD",2015,0
"Policy","Argentina","Argentina","elecCumCapCost","Sources",2020,"Year","Vint_2020","New Elec Cap Cost (billion 2010 USD)","sum","pal_metis","Policy","elec gen by gen tech and cooling tech and vintage","billion 2010 USD",2020,32.4772733013415
"Policy","Argentina","Argentina","elecCumCapCost","Sources",2025,"Year","Vint_2025","New Elec Cap Cost (billion 2010 USD)","sum","pal_metis","Policy","elec gen by gen tech and cooling tech and vintage","billion 2010 USD",2025,79.7985627604497
"Policy","Argentina","Argentina","elecCumCapCost","Sources",2030,"Year","Vint_2030","New Elec Cap Cost (billion 2010 USD)","sum","pal_metis","Policy","elec gen by gen tech and cooling tech and vintage","billion 2010 USD",2030,119.146908617592
"Policy","Argentina","Argentina","elecCumCapCost","Sources",2035,"Year","Vint_2035","New Elec Cap Cost (billion 2010 USD)","sum","pal_metis","Policy","elec gen by gen tech and cooling tech and vintage","billion 2010 USD",2035,157.960294986554
"Policy","Argentina","Argentina","elecCumCapCost","Sources",2040,"Year","Vint_2040","New Elec Cap Cost (billion 2010 USD)","sum","pal_metis","Policy","elec gen by gen tech and cooling tech and vintage","billion 2010 USD",2040,196.902215704442
"Policy","Argentina","Argentina","elecCumCapCost","Sources",2045,"Year","Vint_2045","New Elec Cap Cost (billion 2010 USD)","sum","pal_metis","Policy","elec gen by gen tech and cooling tech and vintage","billion 2010 USD",2045,234.811053387541
"Policy","Argentina","Argentina","elecCumCapCost","Sources",2050,"Year","Vint_2050","New Elec Cap Cost (billion 2010 USD)","sum","pal_metis","Policy","elec gen by gen tech and cooling tech and vintage","billion 2010 USD",2050,268.795618777291
"Policy","Argentina","Argentina","elecCumCapGW","Sources",2015,"Year","Vint_2015","New Elec Cap (GW)","sum","pal_metis","Policy","elec gen by gen tech and cooling tech and vintage","GW",2015,15.0099934251471
"Policy","Argentina","Argentina","elecCumCapGW","Sources",2020,"Year","Vint_2020","New Elec Cap (GW)","sum","pal_metis","Policy","elec gen by gen tech and cooling tech and vintage","GW",2020,21.4878900479368
"Policy","Argentina","Argentina","elecCumCapGW","Sources",2025,"Year","Vint_2025","New Elec Cap (GW)","sum","pal_metis","Policy","elec gen by gen tech and cooling tech and vintage","GW",2025,43.4851358853885
"Policy","Argentina","Argentina","elecCumCapGW","Sources",2030,"Year","Vint_2030","New Elec Cap (GW)","sum","pal_metis","Policy","elec gen by gen tech and cooling tech and vintage","GW",2030,62.0369772332928
"Policy","Argentina","Argentina","elecCumCapGW","Sources",2035,"Year","Vint_2035","New Elec Cap (GW)","sum","pal_metis","Policy","elec gen by gen tech and cooling tech and vintage","GW",2035,79.9529913028427
"Policy","Argentina","Argentina","elecCumCapGW","Sources",2040,"Year","Vint_2040","New Elec Cap (GW)","sum","pal_metis","Policy","elec gen by gen tech and cooling tech and vintage","GW",2040,97.5120310890657
"Policy","Argentina","Argentina","elecCumCapGW","Sources",2045,"Year","Vint_2045","New Elec Cap (GW)","sum","pal_metis","Policy","elec gen by gen tech and cooling tech and vintage","GW",2045,114.478879512815
"Policy","Argentina","Argentina","elecCumCapGW","Sources",2050,"Year","Vint_2050","New Elec Cap (GW)","sum","pal_metis","Policy","elec gen by gen tech and cooling tech and vintage","GW",2050,128.336585265502
"Policy","Argentina","Argentina","elecCumRetPrematureCost","Sources",2015,"Year","Vint_2015","Premature Elec Retire Cost (billion 2010 USD)","sum","pal_metis","Policy","elec gen by gen tech and cooling tech and vintage","billion 2010 USD",2015,0
"Policy","Argentina","Argentina","elecCumRetPrematureCost","Sources",2020,"Year","Vint_2020","Premature Elec Retire Cost (billion 2010 USD)","sum","pal_metis","Policy","elec gen by gen tech and cooling tech and vintage","billion 2010 USD",2020,-0.280029134166237
"Policy","Argentina","Argentina","elecCumRetPrematureCost","Sources",2025,"Year","Vint_2025","Premature Elec Retire Cost (billion 2010 USD)","sum","pal_metis","Policy","elec gen by gen tech and cooling tech and vintage","billion 2010 USD",2025,-3.82430034075512
"Policy","Argentina","Argentina","elecCumRetPrematureCost","Sources",2030,"Year","Vint_2030","Premature Elec Retire Cost (billion 2010 USD)","sum","pal_metis","Policy","elec gen by gen tech and cooling tech and vintage","billion 2010 USD",2030,-5.79696637106543
"Policy","Argentina","Argentina","elecCumRetPrematureCost","Sources",2035,"Year","Vint_2035","Premature Elec Retire Cost (billion 2010 USD)","sum","pal_metis","Policy","elec gen by gen tech and cooling tech and vintage","billion 2010 USD",2035,-7.26715624565075
"Policy","Argentina","Argentina","elecCumRetPrematureCost","Sources",2040,"Year","Vint_2040","Premature Elec Retire Cost (billion 2010 USD)","sum","pal_metis","Policy","elec gen by gen tech and cooling tech and vintage","billion 2010 USD",2040,-8.41394690679179
"Policy","Argentina","Argentina","elecCumRetPrematureCost","Sources",2045,"Year","Vint_2045","Premature Elec Retire Cost (billion 2010 USD)","sum","pal_metis","Policy","elec gen by gen tech and cooling tech and vintage","billion 2010 USD",2045,-9.32065148037194
"Policy","Argentina","Argentina","elecCumRetPrematureCost","Sources",2050,"Year","Vint_2050","Premature Elec Retire Cost (billion 2010 USD)","sum","pal_metis","Policy","elec gen by gen tech and cooling tech and vintage","billion 2010 USD",2050,-9.89744622718201
"Policy","Argentina","Argentina","elecCumRetPrematureGW","Sources",2015,"Year","Vint_2015","Premature Elec Retire (GW)","sum","pal_metis","Policy","elec gen by gen tech and cooling tech and vintage","GW",2015,0
"Policy","Argentina","Argentina","elecCumRetPrematureGW","Sources",2020,"Year","Vint_2020","Premature Elec Retire (GW)","sum","pal_metis","Policy","elec gen by gen tech and cooling tech and vintage","GW",2020,-0.200302968325273
"Policy","Argentina","Argentina","elecCumRetPrematureGW","Sources",2025,"Year","Vint_2025","Premature Elec Retire (GW)","sum","pal_metis","Policy","elec gen by gen tech and cooling tech and vintage","GW",2025,-2.45243256683093
"Policy","Argentina","Argentina","elecCumRetPrematureGW","Sources",2030,"Year","Vint_2030","Premature Elec Retire (GW)","sum","pal_metis","Policy","elec gen by gen tech and cooling tech and vintage","GW",2030,-3.76297681823732
"Policy","Argentina","Argentina","elecCumRetPrematureGW","Sources",2035,"Year","Vint_2035","Premature Elec Retire (GW)","sum","pal_metis","Policy","elec gen by gen tech and cooling tech and vintage","GW",2035,-4.7582029030624
"Policy","Argentina","Argentina","elecCumRetPrematureGW","Sources",2040,"Year","Vint_2040","Premature Elec Retire (GW)","sum","pal_metis","Policy","elec gen by gen tech and cooling tech and vintage","GW",2040,-5.48116823647299
"Policy","Argentina","Argentina","elecCumRetPrematureGW","Sources",2045,"Year","Vint_2045","Premature Elec Retire (GW)","sum","pal_metis","Policy","elec gen by gen tech and cooling tech and vintage","GW",2045,-6.18342560982282
"Policy","Argentina","Argentina","elecCumRetPrematureGW","Sources",2050,"Year","Vint_2050","Premature Elec Retire (GW)","sum","pal_metis","Policy","elec gen by gen tech and cooling tech and vintage","GW",2050,-6.77459646145268
"Policy","Argentina","Argentina","elecNewCapCost","Sources",2015,"Year","Vint_2015","New Elec Cap Cost (Billion 2010 USD)","sum","pal_metis","Policy","elec gen by gen tech and cooling tech and vintage","billion 2010 USD",2015,0
"Policy","Argentina","Argentina","elecNewCapCost","Sources",2020,"Year","Vint_2020","New Elec Cap Cost (Billion 2010 USD)","sum","pal_metis","Policy","elec gen by gen tech and cooling tech and vintage","billion 2010 USD",2020,13.3961355424541
"Policy","Argentina","Argentina","elecNewCapCost","Sources",2025,"Year","Vint_2025","New Elec Cap Cost (Billion 2010 USD)","sum","pal_metis","Policy","elec gen by gen tech and cooling tech and vintage","billion 2010 USD",2025,47.3212894591082
"Policy","Argentina","Argentina","elecNewCapCost","Sources",2030,"Year","Vint_2030","New Elec Cap Cost (Billion 2010 USD)","sum","pal_metis","Policy","elec gen by gen tech and cooling tech and vintage","billion 2010 USD",2030,39.3483458571424
"Policy","Argentina","Argentina","elecNewCapCost","Sources",2035,"Year","Vint_2035","New Elec Cap Cost (Billion 2010 USD)","sum","pal_metis","Policy","elec gen by gen tech and cooling tech and vintage","billion 2010 USD",2035,38.8133863689622
"Policy","Argentina","Argentina","elecNewCapCost","Sources",2040,"Year","Vint_2040","New Elec Cap Cost (Billion 2010 USD)","sum","pal_metis","Policy","elec gen by gen tech and cooling tech and vintage","billion 2010 USD",2040,38.941920717888
"Policy","Argentina","Argentina","elecNewCapCost","Sources",2045,"Year","Vint_2045","New Elec Cap Cost (Billion 2010 USD)","sum","pal_metis","Policy","elec gen by gen tech and cooling tech and vintage","billion 2010 USD",2045,37.9088376830986
"Policy","Argentina","Argentina","elecNewCapCost","Sources",2050,"Year","Vint_2050","New Elec Cap Cost (Billion 2010 USD)","sum","pal_metis","Policy","elec gen by gen tech and cooling tech and vintage","billion 2010 USD",2050,33.9845653897505
"Policy","Argentina","Argentina","elecNewCapGW","Sources",2015,"Year","Vint_2015","New Elec Cap (GW)","sum","pal_metis","Policy","elec gen by gen tech and cooling tech and vintage","GW",2015,15.0099934251471
"Policy","Argentina","Argentina","elecNewCapGW","Sources",2020,"Year","Vint_2020","New Elec Cap (GW)","sum","pal_metis","Policy","elec gen by gen tech and cooling tech and vintage","GW",2020,6.47789662278966
"Policy","Argentina","Argentina","elecNewCapGW","Sources",2025,"Year","Vint_2025","New Elec Cap (GW)","sum","pal_metis","Policy","elec gen by gen tech and cooling tech and vintage","GW",2025,21.9972458374517
"Policy","Argentina","Argentina","elecNewCapGW","Sources",2030,"Year","Vint_2030","New Elec Cap (GW)","sum","pal_metis","Policy","elec gen by gen tech and cooling tech and vintage","GW",2030,18.5518413479043
"Policy","Argentina","Argentina","elecNewCapGW","Sources",2035,"Year","Vint_2035","New Elec Cap (GW)","sum","pal_metis","Policy","elec gen by gen tech and cooling tech and vintage","GW",2035,17.9160140695498
"Policy","Argentina","Argentina","elecNewCapGW","Sources",2040,"Year","Vint_2040","New Elec Cap (GW)","sum","pal_metis","Policy","elec gen by gen tech and cooling tech and vintage","GW",2040,17.5590397862231
"Policy","Argentina","Argentina","elecNewCapGW","Sources",2045,"Year","Vint_2045","New Elec Cap (GW)","sum","pal_metis","Policy","elec gen by gen tech and cooling tech and vintage","GW",2045,16.9668484237489
"Policy","Argentina","Argentina","elecNewCapGW","Sources",2050,"Year","Vint_2050","New Elec Cap (GW)","sum","pal_metis","Policy","elec gen by gen tech and cooling tech and vintage","GW",2050,13.8577057526877
"Policy","Colombia","Colombia","elecAnnualRetPrematureCost","Sources",2015,"Year","Vint_2015","Premature Elec Retire Cost (billion 2010 USD)","sum","pal_metis","Policy","elec gen by gen tech and cooling tech and vintage","billion 2010 USD",2015,0
"Policy","Colombia","Colombia","elecAnnualRetPrematureCost","Sources",2020,"Year","Vint_2020","Premature Elec Retire Cost (billion 2010 USD)","sum","pal_metis","Policy","elec gen by gen tech and cooling tech and vintage","billion 2010 USD",2020,-0.215153117415502
"Policy","Colombia","Colombia","elecAnnualRetPrematureCost","Sources",2025,"Year","Vint_2025","Premature Elec Retire Cost (billion 2010 USD)","sum","pal_metis","Policy","elec gen by gen tech and cooling tech and vintage","billion 2010 USD",2025,-0.31464203465811
"Policy","Colombia","Colombia","elecAnnualRetPrematureCost","Sources",2030,"Year","Vint_2030","Premature Elec Retire Cost (billion 2010 USD)","sum","pal_metis","Policy","elec gen by gen tech and cooling tech and vintage","billion 2010 USD",2030,-1.26445726498559
"Policy","Colombia","Colombia","elecAnnualRetPrematureCost","Sources",2035,"Year","Vint_2035","Premature Elec Retire Cost (billion 2010 USD)","sum","pal_metis","Policy","elec gen by gen tech and cooling tech and vintage","billion 2010 USD",2035,-0.866498422588663
"Policy","Colombia","Colombia","elecAnnualRetPrematureCost","Sources",2040,"Year","Vint_2040","Premature Elec Retire Cost (billion 2010 USD)","sum","pal_metis","Policy","elec gen by gen tech and cooling tech and vintage","billion 2010 USD",2040,-0.16733137435533
"Policy","Colombia","Colombia","elecAnnualRetPrematureCost","Sources",2045,"Year","Vint_2045","Premature Elec Retire Cost (billion 2010 USD)","sum","pal_metis","Policy","elec gen by gen tech and cooling tech and vintage","billion 2010 USD",2045,-0.161768745856667
"Policy","Colombia","Colombia","elecAnnualRetPrematureCost","Sources",2050,"Year","Vint_2050","Premature Elec Retire Cost (billion 2010 USD)","sum","pal_metis","Policy","elec gen by gen tech and cooling tech and vintage","billion 2010 USD",2050,-0.186011393222503
"Policy","Colombia","Colombia","elecAnnualRetPrematureGW","Sources",2015,"Year","Vint_2015","Premature Elec Retire (GW)","sum","pal_metis","Policy","elec gen by gen tech and cooling tech and vintage","GW",2015,0
"Policy","Colombia","Colombia","elecAnnualRetPrematureGW","Sources",2020,"Year","Vint_2020","Premature Elec Retire (GW)","sum","pal_metis","Policy","elec gen by gen tech and cooling tech and vintage","GW",2020,-0.151268521839183
"Policy","Colombia","Colombia","elecAnnualRetPrematureGW","Sources",2025,"Year","Vint_2025","Premature Elec Retire (GW)","sum","pal_metis","Policy","elec gen by gen tech and cooling tech and vintage","GW",2025,-0.0966178731501145
"Policy","Colombia","Colombia","elecAnnualRetPrematureGW","Sources",2030,"Year","Vint_2030","Premature Elec Retire (GW)","sum","pal_metis","Policy","elec gen by gen tech and cooling tech and vintage","GW",2030,-0.316687264342854
"Policy","Colombia","Colombia","elecAnnualRetPrematureGW","Sources",2035,"Year","Vint_2035","Premature Elec Retire (GW)","sum","pal_metis","Policy","elec gen by gen tech and cooling tech and vintage","GW",2035,-0.282343510110561
"Policy","Colombia","Colombia","elecAnnualRetPrematureGW","Sources",2040,"Year","Vint_2040","Premature Elec Retire (GW)","sum","pal_metis","Policy","elec gen by gen tech and cooling tech and vintage","GW",2040,-0.04968787661286
"Policy","Colombia","Colombia","elecAnnualRetPrematureGW","Sources",2045,"Year","Vint_2045","Premature Elec Retire (GW)","sum","pal_metis","Policy","elec gen by gen tech and cooling tech and vintage","GW",2045,-0.0541224797271425
"Policy","Colombia","Colombia","elecAnnualRetPrematureGW","Sources",2050,"Year","Vint_2050","Premature Elec Retire (GW)","sum","pal_metis","Policy","elec gen by gen tech and cooling tech and vintage","GW",2050,-0.114332056909157
"Policy","Colombia","Colombia","elecCumCapCost","Sources",2015,"Year","Vint_2015","New Elec Cap Cost (billion 2010 USD)","sum","pal_metis","Policy","elec gen by gen tech and cooling tech and vintage","billion 2010 USD",2015,0
"Policy","Colombia","Colombia","elecCumCapCost","Sources",2020,"Year","Vint_2020","New Elec Cap Cost (billion 2010 USD)","sum","pal_metis","Policy","elec gen by gen tech and cooling tech and vintage","billion 2010 USD",2020,11.7601345076024
"Policy","Colombia","Colombia","elecCumCapCost","Sources",2025,"Year","Vint_2025","New Elec Cap Cost (billion 2010 USD)","sum","pal_metis","Policy","elec gen by gen tech and cooling tech and vintage","billion 2010 USD",2025,21.2679750074795
"Policy","Colombia","Colombia","elecCumCapCost","Sources",2030,"Year","Vint_2030","New Elec Cap Cost (billion 2010 USD)","sum","pal_metis","Policy","elec gen by gen tech and cooling tech and vintage","billion 2010 USD",2030,43.8050227191147
"Policy","Colombia","Colombia","elecCumCapCost","Sources",2035,"Year","Vint_2035","New Elec Cap Cost (billion 2010 USD)","sum","pal_metis","Policy","elec gen by gen tech and cooling tech and vintage","billion 2010 USD",2035,72.4773155714019
"Policy","Colombia","Colombia","elecCumCapCost","Sources",2040,"Year","Vint_2040","New Elec Cap Cost (billion 2010 USD)","sum","pal_metis","Policy","elec gen by gen tech and cooling tech and vintage","billion 2010 USD",2040,103.685435680831
"Policy","Colombia","Colombia","elecCumCapCost","Sources",2045,"Year","Vint_2045","New Elec Cap Cost (billion 2010 USD)","sum","pal_metis","Policy","elec gen by gen tech and cooling tech and vintage","billion 2010 USD",2045,134.730221530621
"Policy","Colombia","Colombia","elecCumCapCost","Sources",2050,"Year","Vint_2050","New Elec Cap Cost (billion 2010 USD)","sum","pal_metis","Policy","elec gen by gen tech and cooling tech and vintage","billion 2010 USD",2050,171.573072766522
"Policy","Colombia","Colombia","elecCumCapGW","Sources",2015,"Year","Vint_2015","New Elec Cap (GW)","sum","pal_metis","Policy","elec gen by gen tech and cooling tech and vintage","GW",2015,4.07426139554622
"Policy","Colombia","Colombia","elecCumCapGW","Sources",2020,"Year","Vint_2020","New Elec Cap (GW)","sum","pal_metis","Policy","elec gen by gen tech and cooling tech and vintage","GW",2020,4.23013170836712
"Policy","Colombia","Colombia","elecCumCapGW","Sources",2025,"Year","Vint_2025","New Elec Cap (GW)","sum","pal_metis","Policy","elec gen by gen tech and cooling tech and vintage","GW",2025,4.65424695090928
"Policy","Colombia","Colombia","elecCumCapGW","Sources",2030,"Year","Vint_2030","New Elec Cap (GW)","sum","pal_metis","Policy","elec gen by gen tech and cooling tech and vintage","GW",2030,11.4483449280128
"Policy","Colombia","Colombia","elecCumCapGW","Sources",2035,"Year","Vint_2035","New Elec Cap (GW)","sum","pal_metis","Policy","elec gen by gen tech and cooling tech and vintage","GW",2035,20.195385844217
"Policy","Colombia","Colombia","elecCumCapGW","Sources",2040,"Year","Vint_2040","New Elec Cap (GW)","sum","pal_metis","Policy","elec gen by gen tech and cooling tech and vintage","GW",2040,29.7659172929861
"Policy","Colombia","Colombia","elecCumCapGW","Sources",2045,"Year","Vint_2045","New Elec Cap (GW)","sum","pal_metis","Policy","elec gen by gen tech and cooling tech and vintage","GW",2045,40.0219354570433
"Policy","Colombia","Colombia","elecCumCapGW","Sources",2050,"Year","Vint_2050","New Elec Cap (GW)","sum","pal_metis","Policy","elec gen by gen tech and cooling tech and vintage","GW",2050,52.7718142603469
"Policy","Colombia","Colombia","elecCumRetPrematureCost","Sources",2015,"Year","Vint_2015","Premature Elec Retire Cost (billion 2010 USD)","sum","pal_metis","Policy","elec gen by gen tech and cooling tech and vintage","billion 2010 USD",2015,0
"Policy","Colombia","Colombia","elecCumRetPrematureCost","Sources",2020,"Year","Vint_2020","Premature Elec Retire Cost (billion 2010 USD)","sum","pal_metis","Policy","elec gen by gen tech and cooling tech and vintage","billion 2010 USD",2020,-0.215153117415502
"Policy","Colombia","Colombia","elecCumRetPrematureCost","Sources",2025,"Year","Vint_2025","Premature Elec Retire Cost (billion 2010 USD)","sum","pal_metis","Policy","elec gen by gen tech and cooling tech and vintage","billion 2010 USD",2025,-0.529795152073612
"Policy","Colombia","Colombia","elecCumRetPrematureCost","Sources",2030,"Year","Vint_2030","Premature Elec Retire Cost (billion 2010 USD)","sum","pal_metis","Policy","elec gen by gen tech and cooling tech and vintage","billion 2010 USD",2030,-1.7942524170592
"Policy","Colombia","Colombia","elecCumRetPrematureCost","Sources",2035,"Year","Vint_2035","Premature Elec Retire Cost (billion 2010 USD)","sum","pal_metis","Policy","elec gen by gen tech and cooling tech and vintage","billion 2010 USD",2035,-2.66075083964786
"Policy","Colombia","Colombia","elecCumRetPrematureCost","Sources",2040,"Year","Vint_2040","Premature Elec Retire Cost (billion 2010 USD)","sum","pal_metis","Policy","elec gen by gen tech and cooling tech and vintage","billion 2010 USD",2040,-2.82808221400319
"Policy","Colombia","Colombia","elecCumRetPrematureCost","Sources",2045,"Year","Vint_2045","Premature Elec Retire Cost (billion 2010 USD)","sum","pal_metis","Policy","elec gen by gen tech and cooling tech and vintage","billion 2010 USD",2045,-2.98985095985986
"Policy","Colombia","Colombia","elecCumRetPrematureCost","Sources",2050,"Year","Vint_2050","Premature Elec Retire Cost (billion 2010 USD)","sum","pal_metis","Policy","elec gen by gen tech and cooling tech and vintage","billion 2010 USD",2050,-3.17586235308236
"Policy","Colombia","Colombia","elecCumRetPrematureGW","Sources",2015,"Year","Vint_2015","Premature Elec Retire (GW)","sum","pal_metis","Policy","elec gen by gen tech and cooling tech and vintage","GW",2015,0
"Policy","Colombia","Colombia","elecCumRetPrematureGW","Sources",2020,"Year","Vint_2020","Premature Elec Retire (GW)","sum","pal_metis","Policy","elec gen by gen tech and cooling tech and vintage","GW",2020,-0.151268521839183
"Policy","Colombia","Colombia","elecCumRetPrematureGW","Sources",2025,"Year","Vint_2025","Premature Elec Retire (GW)","sum","pal_metis","Policy","elec gen by gen tech and cooling tech and vintage","GW",2025,-0.247886394989297
"Policy","Colombia","Colombia","elecCumRetPrematureGW","Sources",2030,"Year","Vint_2030","Premature Elec Retire (GW)","sum","pal_metis","Policy","elec gen by gen tech and cooling tech and vintage","GW",2030,-0.564573659332151
"Policy","Colombia","Colombia","elecCumRetPrematureGW","Sources",2035,"Year","Vint_2035","Premature Elec Retire (GW)","sum","pal_metis","Policy","elec gen by gen tech and cooling tech and vintage","GW",2035,-0.846917169442712
"Policy","Colombia","Colombia","elecCumRetPrematureGW","Sources",2040,"Year","Vint_2040","Premature Elec Retire (GW)","sum","pal_metis","Policy","elec gen by gen tech and cooling tech and vintage","GW",2040,-0.896605046055572
"Policy","Colombia","Colombia","elecCumRetPrematureGW","Sources",2045,"Year","Vint_2045","Premature Elec Retire (GW)","sum","pal_metis","Policy","elec gen by gen tech and cooling tech and vintage","GW",2045,-0.950727525782715
"Policy","Colombia","Colombia","elecCumRetPrematureGW","Sources",2050,"Year","Vint_2050","Premature Elec Retire (GW)","sum","pal_metis","Policy","elec gen by gen tech and cooling tech and vintage","GW",2050,-1.06505958269187
"Policy","Colombia","Colombia","elecNewCapCost","Sources",2015,"Year","Vint_2015","New Elec Cap Cost (Billion 2010 USD)","sum","pal_metis","Policy","elec gen by gen tech and cooling tech and vintage","billion 2010 USD",2015,0
"Policy","Colombia","Colombia","elecNewCapCost","Sources",2020,"Year","Vint_2020","New Elec Cap Cost (Billion 2010 USD)","sum","pal_metis","Policy","elec gen by gen tech and cooling tech and vintage","billion 2010 USD",2020,5.495962389248
"Policy","Colombia","Colombia","elecNewCapCost","Sources",2025,"Year","Vint_2025","New Elec Cap Cost (Billion 2010 USD)","sum","pal_metis","Policy","elec gen by gen tech and cooling tech and vintage","billion 2010 USD",2025,9.50784049987718
"Policy","Colombia","Colombia","elecNewCapCost","Sources",2030,"Year","Vint_2030","New Elec Cap Cost (Billion 2010 USD)","sum","pal_metis","Policy","elec gen by gen tech and cooling tech and vintage","billion 2010 USD",2030,22.5370477116352
"Policy","Colombia","Colombia","elecNewCapCost","Sources",2035,"Year","Vint_2035","New Elec Cap Cost (Billion 2010 USD)","sum","pal_metis","Policy","elec gen by gen tech and cooling tech and vintage","billion 2010 USD",2035,28.6722928522872
"Policy","Colombia","Colombia","elecNewCapCost","Sources",2040,"Year","Vint_2040","New Elec Cap Cost (Billion 2010 USD)","sum","pal_metis","Policy","elec gen by gen tech and cooling tech and vintage","billion 2010 USD",2040,31.2081201094294
"Policy","Colombia","Colombia","elecNewCapCost","Sources",2045,"Year","Vint_2045","New Elec Cap Cost (Billion 2010 USD)","sum","pal_metis","Policy","elec gen by gen tech and cooling tech and vintage","billion 2010 USD",2045,31.0447858497899
"Policy","Colombia","Colombia","elecNewCapCost","Sources",2050,"Year","Vint_2050","New Elec Cap Cost (Billion 2010 USD)","sum","pal_metis","Policy","elec gen by gen tech and cooling tech and vintage","billion 2010 USD",2050,36.8428512359005
"Policy","Colombia","Colombia","elecNewCapGW","Sources",2015,"Year","Vint_2015","New Elec Cap (GW)","sum","pal_metis","Policy","elec gen by gen tech and cooling tech and vintage","GW",2015,4.07426139554622
"Policy","Colombia","Colombia","elecNewCapGW","Sources",2020,"Year","Vint_2020","New Elec Cap (GW)","sum","pal_metis","Policy","elec gen by gen tech and cooling tech and vintage","GW",2020,0.155870312820899
"Policy","Colombia","Colombia","elecNewCapGW","Sources",2025,"Year","Vint_2025","New Elec Cap (GW)","sum","pal_metis","Policy","elec gen by gen tech and cooling tech and vintage","GW",2025,0.424115242542157
"Policy","Colombia","Colombia","elecNewCapGW","Sources",2030,"Year","Vint_2030","New Elec Cap (GW)","sum","pal_metis","Policy","elec gen by gen tech and cooling tech and vintage","GW",2030,6.79409797710349
"Policy","Colombia","Colombia","elecNewCapGW","Sources",2035,"Year","Vint_2035","New Elec Cap (GW)","sum","pal_metis","Policy","elec gen by gen tech and cooling tech and vintage","GW",2035,8.74704091620429
"Policy","Colombia","Colombia","elecNewCapGW","Sources",2040,"Year","Vint_2040","New Elec Cap (GW)","sum","pal_metis","Policy","elec gen by gen tech and cooling tech and vintage","GW",2040,9.57053144876908
"Policy","Colombia","Colombia","elecNewCapGW","Sources",2045,"Year","Vint_2045","New Elec Cap (GW)","sum","pal_metis","Policy","elec gen by gen tech and cooling tech and vintage","GW",2045,10.2560181640571
"Policy","Colombia","Colombia","elecNewCapGW","Sources",2050,"Year","Vint_2050","New Elec Cap (GW)","sum","pal_metis","Policy","elec gen by gen tech and cooling tech and vintage","GW",2050,12.7498788033036
"Reference","Argentina","Argentina","elecAnnualRetPrematureCost","Sources",2015,"Year","Vint_2015","Premature Elec Retire Cost (billion 2010 USD)","sum","pal_metis","Reference","elec gen by gen tech and cooling tech and vintage","billion 2010 USD",2015,0
"Reference","Argentina","Argentina","elecAnnualRetPrematureCost","Sources",2020,"Year","Vint_2020","Premature Elec Retire Cost (billion 2010 USD)","sum","pal_metis","Reference","elec gen by gen tech and cooling tech and vintage","billion 2010 USD",2020,-0.120625170495465
"Reference","Argentina","Argentina","elecAnnualRetPrematureCost","Sources",2025,"Year","Vint_2025","Premature Elec Retire Cost (billion 2010 USD)","sum","pal_metis","Reference","elec gen by gen tech and cooling tech and vintage","billion 2010 USD",2025,0
"Reference","Argentina","Argentina","elecAnnualRetPrematureCost","Sources",2030,"Year","Vint_2030","Premature Elec Retire Cost (billion 2010 USD)","sum","pal_metis","Reference","elec gen by gen tech and cooling tech and vintage","billion 2010 USD",2030,-4.98132147741356e-06
"Reference","Argentina","Argentina","elecAnnualRetPrematureCost","Sources",2035,"Year","Vint_2035","Premature Elec Retire Cost (billion 2010 USD)","sum","pal_metis","Reference","elec gen by gen tech and cooling tech and vintage","billion 2010 USD",2035,-7.36075369478242e-06
"Reference","Argentina","Argentina","elecAnnualRetPrematureCost","Sources",2040,"Year","Vint_2040","Premature Elec Retire Cost (billion 2010 USD)","sum","pal_metis","Reference","elec gen by gen tech and cooling tech and vintage","billion 2010 USD",2040,-3.45943494760916e-07
"Reference","Argentina","Argentina","elecAnnualRetPrematureCost","Sources",2045,"Year","Vint_2045","Premature Elec Retire Cost (billion 2010 USD)","sum","pal_metis","Reference","elec gen by gen tech and cooling tech and vintage","billion 2010 USD",2045,-0.010389193297753
"Reference","Argentina","Argentina","elecAnnualRetPrematureCost","Sources",2050,"Year","Vint_2050","Premature Elec Retire Cost (billion 2010 USD)","sum","pal_metis","Reference","elec gen by gen tech and cooling tech and vintage","billion 2010 USD",2050,-0.0128622442779398
"Reference","Argentina","Argentina","elecAnnualRetPrematureGW","Sources",2015,"Year","Vint_2015","Premature Elec Retire (GW)","sum","pal_metis","Reference","elec gen by gen tech and cooling tech and vintage","GW",2015,0
"Reference","Argentina","Argentina","elecAnnualRetPrematureGW","Sources",2020,"Year","Vint_2020","Premature Elec Retire (GW)","sum","pal_metis","Reference","elec gen by gen tech and cooling tech and vintage","GW",2020,-0.0618662707700843
"Reference","Argentina","Argentina","elecAnnualRetPrematureGW","Sources",2025,"Year","Vint_2025","Premature Elec Retire (GW)","sum","pal_metis","Reference","elec gen by gen tech and cooling tech and vintage","GW",2025,0
"Reference","Argentina","Argentina","elecAnnualRetPrematureGW","Sources",2030,"Year","Vint_2030","Premature Elec Retire (GW)","sum","pal_metis","Reference","elec gen by gen tech and cooling tech and vintage","GW",2030,-1.20398065511233e-06
"Reference","Argentina","Argentina","elecAnnualRetPrematureGW","Sources",2035,"Year","Vint_2035","Premature Elec Retire (GW)","sum","pal_metis","Reference","elec gen by gen tech and cooling tech and vintage","GW",2035,-2.0021652680326e-06
"Reference","Argentina","Argentina","elecAnnualRetPrematureGW","Sources",2040,"Year","Vint_2040","Premature Elec Retire (GW)","sum","pal_metis","Reference","elec gen by gen tech and cooling tech and vintage","GW",2040,-1.07709475702653e-07
"Reference","Argentina","Argentina","elecAnnualRetPrematureGW","Sources",2045,"Year","Vint_2045","Premature Elec Retire (GW)","sum","pal_metis","Reference","elec gen by gen tech and cooling tech and vintage","GW",2045,-0.014848150246594
"Reference","Argentina","Argentina","elecAnnualRetPrematureGW","Sources",2050,"Year","Vint_2050","Premature Elec Retire (GW)","sum","pal_metis","Reference","elec gen by gen tech and cooling tech and vintage","GW",2050,-0.0234916897726209
"Reference","Argentina","Argentina","elecCumCapCost","Sources",2015,"Year","Vint_2015","New Elec Cap Cost (billion 2010 USD)","sum","pal_metis","Reference","elec gen by gen tech and cooling tech and vintage","billion 2010 USD",2015,0
"Reference","Argentina","Argentina","elecCumCapCost","Sources",2020,"Year","Vint_2020","New Elec Cap Cost (billion 2010 USD)","sum","pal_metis","Reference","elec gen by gen tech and cooling tech and vintage","billion 2010 USD",2020,25.5016252405022
"Reference","Argentina","Argentina","elecCumCapCost","Sources",2025,"Year","Vint_2025","New Elec Cap Cost (billion 2010 USD)","sum","pal_metis","Reference","elec gen by gen tech and cooling tech and vintage","billion 2010 USD",2025,38.7034797230335
"Reference","Argentina","Argentina","elecCumCapCost","Sources",2030,"Year","Vint_2030","New Elec Cap Cost (billion 2010 USD)","sum","pal_metis","Reference","elec gen by gen tech and cooling tech and vintage","billion 2010 USD",2030,54.7653062921961
"Reference","Argentina","Argentina","elecCumCapCost","Sources",2035,"Year","Vint_2035","New Elec Cap Cost (billion 2010 USD)","sum","pal_metis","Reference","elec gen by gen tech and cooling tech and vintage","billion 2010 USD",2035,70.6905004834426
"Reference","Argentina","Argentina","elecCumCapCost","Sources",2040,"Year","Vint_2040","New Elec Cap Cost (billion 2010 USD)","sum","pal_metis","Reference","elec gen by gen tech and cooling tech and vintage","billion 2010 USD",2040,87.8701667416676
"Reference","Argentina","Argentina","elecCumCapCost","Sources",2045,"Year","Vint_2045","New Elec Cap Cost (billion 2010 USD)","sum","pal_metis","Reference","elec gen by gen tech and cooling tech and vintage","billion 2010 USD",2045,104.842927038173
"Reference","Argentina","Argentina","elecCumCapCost","Sources",2050,"Year","Vint_2050","New Elec Cap Cost (billion 2010 USD)","sum","pal_metis","Reference","elec gen by gen tech and cooling tech and vintage","billion 2010 USD",2050,117.690270229379
"Reference","Argentina","Argentina","elecCumCapGW","Sources",2015,"Year","Vint_2015","New Elec Cap (GW)","sum","pal_metis","Reference","elec gen by gen tech and cooling tech and vintage","GW",2015,15.0099934251471
"Reference","Argentina","Argentina","elecCumCapGW","Sources",2020,"Year","Vint_2020","New Elec Cap (GW)","sum","pal_metis","Reference","elec gen by gen tech and cooling tech and vintage","GW",2020,18.2569953031733
"Reference","Argentina","Argentina","elecCumCapGW","Sources",2025,"Year","Vint_2025","New Elec Cap (GW)","sum","pal_metis","Reference","elec gen by gen tech and cooling tech and vintage","GW",2025,25.5027411833587
"Reference","Argentina","Argentina","elecCumCapGW","Sources",2030,"Year","Vint_2030","New Elec Cap (GW)","sum","pal_metis","Reference","elec gen by gen tech and cooling tech and vintage","GW",2030,34.1947596626588
"Reference","Argentina","Argentina","elecCumCapGW","Sources",2035,"Year","Vint_2035","New Elec Cap (GW)","sum","pal_metis","Reference","elec gen by gen tech and cooling tech and vintage","GW",2035,42.8339111596759
"Reference","Argentina","Argentina","elecCumCapGW","Sources",2040,"Year","Vint_2040","New Elec Cap (GW)","sum","pal_metis","Reference","elec gen by gen tech and cooling tech and vintage","GW",2040,52.2988702987242
"Reference","Argentina","Argentina","elecCumCapGW","Sources",2045,"Year","Vint_2045","New Elec Cap (GW)","sum","pal_metis","Reference","elec gen by gen tech and cooling tech and vintage","GW",2045,61.803395120171
"Reference","Argentina","Argentina","elecCumCapGW","Sources",2050,"Year","Vint_2050","New Elec Cap (GW)","sum","pal_metis","Reference","elec gen by gen tech and cooling tech and vintage","GW",2050,68.9970128253685
"Reference","Argentina","Argentina","elecCumRetPrematureCost","Sources",2015,"Year","Vint_2015","Premature Elec Retire Cost (billion 2010 USD)","sum","pal_metis","Reference","elec gen by gen tech and cooling tech and vintage","billion 2010 USD",2015,0
"Reference","Argentina","Argentina","elecCumRetPrematureCost","Sources",2020,"Year","Vint_2020","Premature Elec Retire Cost (billion 2010 USD)","sum","pal_metis","Reference","elec gen by gen tech and cooling tech and vintage","billion 2010 USD",2020,-0.120625170495465
"Reference","Argentina","Argentina","elecCumRetPrematureCost","Sources",2025,"Year","Vint_2025","Premature Elec Retire Cost (billion 2010 USD)","sum","pal_metis","Reference","elec gen by gen tech and cooling tech and vintage","billion 2010 USD",2025,-0.120625170495465
"Reference","Argentina","Argentina","elecCumRetPrematureCost","Sources",2030,"Year","Vint_2030","Premature Elec Retire Cost (billion 2010 USD)","sum","pal_metis","Reference","elec gen by gen tech and cooling tech and vintage","billion 2010 USD",2030,-0.120630151816942
"Reference","Argentina","Argentina","elecCumRetPrematureCost","Sources",2035,"Year","Vint_2035","Premature Elec Retire Cost (billion 2010 USD)","sum","pal_metis","Reference","elec gen by gen tech and cooling tech and vintage","billion 2010 USD",2035,-0.120637512570637
"Reference","Argentina","Argentina","elecCumRetPrematureCost","Sources",2040,"Year","Vint_2040","Premature Elec Retire Cost (billion 2010 USD)","sum","pal_metis","Reference","elec gen by gen tech and cooling tech and vintage","billion 2010 USD",2040,-0.120637858514132
"Reference","Argentina","Argentina","elecCumRetPrematureCost","Sources",2045,"Year","Vint_2045","Premature Elec Retire Cost (billion 2010 USD)","sum","pal_metis","Reference","elec gen by gen tech and cooling tech and vintage","billion 2010 USD",2045,-0.131027051811885
"Reference","Argentina","Argentina","elecCumRetPrematureCost","Sources",2050,"Year","Vint_2050","Premature Elec Retire Cost (billion 2010 USD)","sum","pal_metis","Reference","elec gen by gen tech and cooling tech and vintage","billion 2010 USD",2050,-0.143889296089825
"Reference","Argentina","Argentina","elecCumRetPrematureGW","Sources",2015,"Year","Vint_2015","Premature Elec Retire (GW)","sum","pal_metis","Reference","elec gen by gen tech and cooling tech and vintage","GW",2015,0
"Reference","Argentina","Argentina","elecCumRetPrematureGW","Sources",2020,"Year","Vint_2020","Premature Elec Retire (GW)","sum","pal_metis","Reference","elec gen by gen tech and cooling tech and vintage","GW",2020,-0.0618662707700843
"Reference","Argentina","Argentina","elecCumRetPrematureGW","Sources",2025,"Year","Vint_2025","Premature Elec Retire (GW)","sum","pal_metis","Reference","elec gen by gen tech and cooling tech and vintage","GW",2025,-0.0618662707700843
"Reference","Argentina","Argentina","elecCumRetPrematureGW","Sources",2030,"Year","Vint_2030","Premature Elec Retire (GW)","sum","pal_metis","Reference","elec gen by gen tech and cooling tech and vintage","GW",2030,-0.0618674747507394
"Reference","Argentina","Argentina","elecCumRetPrematureGW","Sources",2035,"Year","Vint_2035","Premature Elec Retire (GW)","sum","pal_metis","Reference","elec gen by gen tech and cooling tech and vintage","GW",2035,-0.0618694769160074
"Reference","Argentina","Argentina","elecCumRetPrematureGW","Sources",2040,"Year","Vint_2040","Premature Elec Retire (GW)","sum","pal_metis","Reference","elec gen by gen tech and cooling tech and vintage","GW",2040,-0.0618695846254831
"Reference","Argentina","Argentina","elecCumRetPrematureGW","Sources",2045,"Year","Vint_2045","Premature Elec Retire (GW)","sum","pal_metis","Reference","elec gen by gen tech and cooling tech and vintage","GW",2045,-0.0767177348720771
"Reference","Argentina","Argentina","elecCumRetPrematureGW","Sources",2050,"Year","Vint_2050","Premature Elec Retire (GW)","sum","pal_metis","Reference","elec gen by gen tech and cooling tech and vintage","GW",2050,-0.100209424644698
"Reference","Argentina","Argentina","elecNewCapCost","Sources",2015,"Year","Vint_2015","New Elec Cap Cost (Billion 2010 USD)","sum","pal_metis","Reference","elec gen by gen tech and cooling tech and vintage","billion 2010 USD",2015,0
"Reference","Argentina","Argentina","elecNewCapCost","Sources",2020,"Year","Vint_2020","New Elec Cap Cost (Billion 2010 USD)","sum","pal_metis","Reference","elec gen by gen tech and cooling tech and vintage","billion 2010 USD",2020,6.42048748161475
"Reference","Argentina","Argentina","elecNewCapCost","Sources",2025,"Year","Vint_2025","New Elec Cap Cost (Billion 2010 USD)","sum","pal_metis","Reference","elec gen by gen tech and cooling tech and vintage","billion 2010 USD",2025,13.2018544825313
"Reference","Argentina","Argentina","elecNewCapCost","Sources",2030,"Year","Vint_2030","New Elec Cap Cost (Billion 2010 USD)","sum","pal_metis","Reference","elec gen by gen tech and cooling tech and vintage","billion 2010 USD",2030,16.0618265691626
"Reference","Argentina","Argentina","elecNewCapCost","Sources",2035,"Year","Vint_2035","New Elec Cap Cost (Billion 2010 USD)","sum","pal_metis","Reference","elec gen by gen tech and cooling tech and vintage","billion 2010 USD",2035,15.9251941912465
"Reference","Argentina","Argentina","elecNewCapCost","Sources",2040,"Year","Vint_2040","New Elec Cap Cost (Billion 2010 USD)","sum","pal_metis","Reference","elec gen by gen tech and cooling tech and vintage","billion 2010 USD",2040,17.179666258225
"Reference","Argentina","Argentina","elecNewCapCost","Sources",2045,"Year","Vint_2045","New Elec Cap Cost (Billion 2010 USD)","sum","pal_metis","Reference","elec gen by gen tech and cooling tech and vintage","billion 2010 USD",2045,16.9727602965053
"Reference","Argentina","Argentina","elecNewCapCost","Sources",2050,"Year","Vint_2050","New Elec Cap Cost (Billion 2010 USD)","sum","pal_metis","Reference","elec gen by gen tech and cooling tech and vintage","billion 2010 USD",2050,12.8473431912062
"Reference","Argentina","Argentina","elecNewCapGW","Sources",2015,"Year","Vint_2015","New Elec Cap (GW)","sum","pal_metis","Reference","elec gen by gen tech and cooling tech and vintage","GW",2015,15.0099934251471
"Reference","Argentina","Argentina","elecNewCapGW","Sources",2020,"Year","Vint_2020","New Elec Cap (GW)","sum","pal_metis","Reference","elec gen by gen tech and cooling tech and vintage","GW",2020,3.24700187802618
"Reference","Argentina","Argentina","elecNewCapGW","Sources",2025,"Year","Vint_2025","New Elec Cap (GW)","sum","pal_metis","Reference","elec gen by gen tech and cooling tech and vintage","GW",2025,7.24574588018545
"Reference","Argentina","Argentina","elecNewCapGW","Sources",2030,"Year","Vint_2030","New Elec Cap (GW)","sum","pal_metis","Reference","elec gen by gen tech and cooling tech and vintage","GW",2030,8.69201847930002
"Reference","Argentina","Argentina","elecNewCapGW","Sources",2035,"Year","Vint_2035","New Elec Cap (GW)","sum","pal_metis","Reference","elec gen by gen tech and cooling tech and vintage","GW",2035,8.63915149701717
"Reference","Argentina","Argentina","elecNewCapGW","Sources",2040,"Year","Vint_2040","New Elec Cap (GW)","sum","pal_metis","Reference","elec gen by gen tech and cooling tech and vintage","GW",2040,9.46495913904828
"Reference","Argentina","Argentina","elecNewCapGW","Sources",2045,"Year","Vint_2045","New Elec Cap (GW)","sum","pal_metis","Reference","elec gen by gen tech and cooling tech and vintage","GW",2045,9.50452482144682
"Reference","Argentina","Argentina","elecNewCapGW","Sources",2050,"Year","Vint_2050","New Elec Cap (GW)","sum","pal_metis","Reference","elec gen by gen tech and cooling tech and vintage","GW",2050,7.1936177051975
"Reference","Colombia","Colombia","elecAnnualRetPrematureCost","Sources",2015,"Year","Vint_2015","Premature Elec Retire Cost (billion 2010 USD)","sum","pal_metis","Reference","elec gen by gen tech and cooling tech and vintage","billion 2010 USD",2015,0
"Reference","Colombia","Colombia","elecAnnualRetPrematureCost","Sources",2020,"Year","Vint_2020","Premature Elec Retire Cost (billion 2010 USD)","sum","pal_metis","Reference","elec gen by gen tech and cooling tech and vintage","billion 2010 USD",2020,-0.0948318784763096
"Reference","Colombia","Colombia","elecAnnualRetPrematureCost","Sources",2025,"Year","Vint_2025","Premature Elec Retire Cost (billion 2010 USD)","sum","pal_metis","Reference","elec gen by gen tech and cooling tech and vintage","billion 2010 USD",2025,-0.0971568507595986
"Reference","Colombia","Colombia","elecAnnualRetPrematureCost","Sources",2030,"Year","Vint_2030","Premature Elec Retire Cost (billion 2010 USD)","sum","pal_metis","Reference","elec gen by gen tech and cooling tech and vintage","billion 2010 USD",2030,0
"Reference","Colombia","Colombia","elecAnnualRetPrematureCost","Sources",2035,"Year","Vint_2035","Premature Elec Retire Cost (billion 2010 USD)","sum","pal_metis","Reference","elec gen by gen tech and cooling tech and vintage","billion 2010 USD",2035,0
"Reference","Colombia","Colombia","elecAnnualRetPrematureCost","Sources",2040,"Year","Vint_2040","Premature Elec Retire Cost (billion 2010 USD)","sum","pal_metis","Reference","elec gen by gen tech and cooling tech and vintage","billion 2010 USD",2040,0
"Reference","Colombia","Colombia","elecAnnualRetPrematureCost","Sources",2045,"Year","Vint_2045","Premature Elec Retire Cost (billion 2010 USD)","sum","pal_metis","Reference","elec gen by gen tech and cooling tech and vintage","billion 2010 USD",2045,0
"Reference","Colombia","Colombia","elecAnnualRetPrematureCost","Sources",2050,"Year","Vint_2050","Premature Elec Retire Cost (billion 2010 USD)","sum","pal_metis","Reference","elec gen by gen tech and cooling tech and vintage","billion 2010 USD",2050,-3.09071446760671e-05
"Reference","Colombia","Colombia","elecAnnualRetPrematureGW","Sources",2015,"Year","Vint_2015","Premature Elec Retire (GW)","sum","pal_metis","Reference","elec gen by gen tech and cooling tech and vintage","GW",2015,0
"Reference","Colombia","Colombia","elecAnnualRetPrematureGW","Sources",2020,"Year","Vint_2020","Premature Elec Retire (GW)","sum","pal_metis","Reference","elec gen by gen tech and cooling tech and vintage","GW",2020,-0.0678894553711861
"Reference","Colombia","Colombia","elecAnnualRetPrematureGW","Sources",2025,"Year","Vint_2025","Premature Elec Retire (GW)","sum","pal_metis","Reference","elec gen by gen tech and cooling tech and vintage","GW",2025,-0.0563536289276671
"Reference","Colombia","Colombia","elecAnnualRetPrematureGW","Sources",2030,"Year","Vint_2030","Premature Elec Retire (GW)","sum","pal_metis","Reference","elec gen by gen tech and cooling tech and vintage","GW",2030,0
"Reference","Colombia","Colombia","elecAnnualRetPrematureGW","Sources",2035,"Year","Vint_2035","Premature Elec Retire (GW)","sum","pal_metis","Reference","elec gen by gen tech and cooling tech and vintage","GW",2035,0
"Reference","Colombia","Colombia","elecAnnualRetPrematureGW","Sources",2040,"Year","Vint_2040","Premature Elec Retire (GW)","sum","pal_metis","Reference","elec gen by gen tech and cooling tech and vintage","GW",2040,0
"Reference","Colombia","Colombia","elecAnnualRetPrematureGW","Sources",2045,"Year","Vint_2045","Premature Elec Retire (GW)","sum","pal_metis","Reference","elec gen by gen tech and cooling tech and vintage","GW",2045,0
"Reference","Colombia","Colombia","elecAnnualRetPrematureGW","Sources",2050,"Year","Vint_2050","Premature Elec Retire (GW)","sum","pal_metis","Reference","elec gen by gen tech and cooling tech and vintage","GW",2050,-7.16649226852608e-06
"Reference","Colombia","Colombia","elecCumCapCost","Sources",2015,"Year","Vint_2015","New Elec Cap Cost (billion 2010 USD)","sum","pal_metis","Reference","elec gen by gen tech and cooling tech and vintage","billion 2010 USD",2015,0
"Reference","Colombia","Colombia","elecCumCapCost","Sources",2020,"Year","Vint_2020","New Elec Cap Cost (billion 2010 USD)","sum","pal_metis","Reference","elec gen by gen tech and cooling tech and vintage","billion 2010 USD",2020,12.1786117111129
"Reference","Colombia","Colombia","elecCumCapCost","Sources",2025,"Year","Vint_2025","New Elec Cap Cost (billion 2010 USD)","sum","pal_metis","Reference","elec gen by gen tech and cooling tech and vintage","billion 2010 USD",2025,20.2332248319689
"Reference","Colombia","Colombia","elecCumCapCost","Sources",2030,"Year","Vint_2030","New Elec Cap Cost (billion 2010 USD)","sum","pal_metis","Reference","elec gen by gen tech and cooling tech and vintage","billion 2010 USD",2030,29.0756854877235
"Reference","Colombia","Colombia","elecCumCapCost","Sources",2035,"Year","Vint_2035","New Elec Cap Cost (billion 2010 USD)","sum","pal_metis","Reference","elec gen by gen tech and cooling tech and vintage","billion 2010 USD",2035,39.9064427235421
"Reference","Colombia","Colombia","elecCumCapCost","Sources",2040,"Year","Vint_2040","New Elec Cap Cost (billion 2010 USD)","sum","pal_metis","Reference","elec gen by gen tech and cooling tech and vintage","billion 2010 USD",2040,53.1905493705474
"Reference","Colombia","Colombia","elecCumCapCost","Sources",2045,"Year","Vint_2045","New Elec Cap Cost (billion 2010 USD)","sum","pal_metis","Reference","elec gen by gen tech and cooling tech and vintage","billion 2010 USD",2045,67.731254301567
"Reference","Colombia","Colombia","elecCumCapCost","Sources",2050,"Year","Vint_2050","New Elec Cap Cost (billion 2010 USD)","sum","pal_metis","Reference","elec gen by gen tech and cooling tech and vintage","billion 2010 USD",2050,82.9118173723345
"Reference","Colombia","Colombia","elecCumCapGW","Sources",2015,"Year","Vint_2015","New Elec Cap (GW)","sum","pal_metis","Reference","elec gen by gen tech and cooling tech and vintage","GW",2015,4.07426139554622
"Reference","Colombia","Colombia","elecCumCapGW","Sources",2020,"Year","Vint_2020","New Elec Cap (GW)","sum","pal_metis","Reference","elec gen by gen tech and cooling tech and vintage","GW",2020,4.82792099059242
"Reference","Colombia","Colombia","elecCumCapGW","Sources",2025,"Year","Vint_2025","New Elec Cap (GW)","sum","pal_metis","Reference","elec gen by gen tech and cooling tech and vintage","GW",2025,4.88626309524275
"Reference","Colombia","Colombia","elecCumCapGW","Sources",2030,"Year","Vint_2030","New Elec Cap (GW)","sum","pal_metis","Reference","elec gen by gen tech and cooling tech and vintage","GW",2030,7.65329585571169
"Reference","Colombia","Colombia","elecCumCapGW","Sources",2035,"Year","Vint_2035","New Elec Cap (GW)","sum","pal_metis","Reference","elec gen by gen tech and cooling tech and vintage","GW",2035,12.2549066916677
"Reference","Colombia","Colombia","elecCumCapGW","Sources",2040,"Year","Vint_2040","New Elec Cap (GW)","sum","pal_metis","Reference","elec gen by gen tech and cooling tech and vintage","GW",2040,17.9808043335986
"Reference","Colombia","Colombia","elecCumCapGW","Sources",2045,"Year","Vint_2045","New Elec Cap (GW)","sum","pal_metis","Reference","elec gen by gen tech and cooling tech and vintage","GW",2045,24.4077574684728
"Reference","Colombia","Colombia","elecCumCapGW","Sources",2050,"Year","Vint_2050","New Elec Cap (GW)","sum","pal_metis","Reference","elec gen by gen tech and cooling tech and vintage","GW",2050,31.1459905944399
"Reference","Colombia","Colombia","elecCumRetPrematureCost","Sources",2015,"Year","Vint_2015","Premature Elec Retire Cost (billion 2010 USD)","sum","pal_metis","Reference","elec gen by gen tech and cooling tech and vintage","billion 2010 USD",2015,0
"Reference","Colombia","Colombia","elecCumRetPrematureCost","Sources",2020,"Year","Vint_2020","Premature Elec Retire Cost (billion 2010 USD)","sum","pal_metis","Reference","elec gen by gen tech and cooling tech and vintage","billion 2010 USD",2020,-0.0948318784763096
"Reference","Colombia","Colombia","elecCumRetPrematureCost","Sources",2025,"Year","Vint_2025","Premature Elec Retire Cost (billion 2010 USD)","sum","pal_metis","Reference","elec gen by gen tech and cooling tech and vintage","billion 2010 USD",2025,-0.191988729235908
"Reference","Colombia","Colombia","elecCumRetPrematureCost","Sources",2030,"Year","Vint_2030","Premature Elec Retire Cost (billion 2010 USD)","sum","pal_metis","Reference","elec gen by gen tech and cooling tech and vintage","billion 2010 USD",2030,-0.191988729235908
"Reference","Colombia","Colombia","elecCumRetPrematureCost","Sources",2035,"Year","Vint_2035","Premature Elec Retire Cost (billion 2010 USD)","sum","pal_metis","Reference","elec gen by gen tech and cooling tech and vintage","billion 2010 USD",2035,-0.191988729235908
"Reference","Colombia","Colombia","elecCumRetPrematureCost","Sources",2040,"Year","Vint_2040","Premature Elec Retire Cost (billion 2010 USD)","sum","pal_metis","Reference","elec gen by gen tech and cooling tech and vintage","billion 2010 USD",2040,-0.191988729235908
"Reference","Colombia","Colombia","elecCumRetPrematureCost","Sources",2045,"Year","Vint_2045","Premature Elec Retire Cost (billion 2010 USD)","sum","pal_metis","Reference","elec gen by gen tech and cooling tech and vintage","billion 2010 USD",2045,-0.191988729235908
"Reference","Colombia","Colombia","elecCumRetPrematureCost","Sources",2050,"Year","Vint_2050","Premature Elec Retire Cost (billion 2010 USD)","sum","pal_metis","Reference","elec gen by gen tech and cooling tech and vintage","billion 2010 USD",2050,-0.192019636380584
"Reference","Colombia","Colombia","elecCumRetPrematureGW","Sources",2015,"Year","Vint_2015","Premature Elec Retire (GW)","sum","pal_metis","Reference","elec gen by gen tech and cooling tech and vintage","GW",2015,0
"Reference","Colombia","Colombia","elecCumRetPrematureGW","Sources",2020,"Year","Vint_2020","Premature Elec Retire (GW)","sum","pal_metis","Reference","elec gen by gen tech and cooling tech and vintage","GW",2020,-0.0678894553711861
"Reference","Colombia","Colombia","elecCumRetPrematureGW","Sources",2025,"Year","Vint_2025","Premature Elec Retire (GW)","sum","pal_metis","Reference","elec gen by gen tech and cooling tech and vintage","GW",2025,-0.124243084298853
"Reference","Colombia","Colombia","elecCumRetPrematureGW","Sources",2030,"Year","Vint_2030","Premature Elec Retire (GW)","sum","pal_metis","Reference","elec gen by gen tech and cooling tech and vintage","GW",2030,-0.124243084298853
"Reference","Colombia","Colombia","elecCumRetPrematureGW","Sources",2035,"Year","Vint_2035","Premature Elec Retire (GW)","sum","pal_metis","Reference","elec gen by gen tech and cooling tech and vintage","GW",2035,-0.124243084298853
"Reference","Colombia","Colombia","elecCumRetPrematureGW","Sources",2040,"Year","Vint_2040","Premature Elec Retire (GW)","sum","pal_metis","Reference","elec gen by gen tech and cooling tech and vintage","GW",2040,-0.124243084298853
"Reference","Colombia","Colombia","elecCumRetPrematureGW","Sources",2045,"Year","Vint_2045","Premature Elec Retire (GW)","sum","pal_metis","Reference","elec gen by gen tech and cooling tech and vintage","GW",2045,-0.124243084298853
"Reference","Colombia","Colombia","elecCumRetPrematureGW","Sources",2050,"Year","Vint_2050","Premature Elec Retire (GW)","sum","pal_metis","Reference","elec gen by gen tech and cooling tech and vintage","GW",2050,-0.124250250791122
"Reference","Colombia","Colombia","elecNewCapCost","Sources",2015,"Year","Vint_2015","New Elec Cap Cost (Billion 2010 USD)","sum","pal_metis","Reference","elec gen by gen tech and cooling tech and vintage","billion 2010 USD",2015,0
"Reference","Colombia","Colombia","elecNewCapCost","Sources",2020,"Year","Vint_2020","New Elec Cap Cost (Billion 2010 USD)","sum","pal_metis","Reference","elec gen by gen tech and cooling tech and vintage","billion 2010 USD",2020,5.91443959275852
"Reference","Colombia","Colombia","elecNewCapCost","Sources",2025,"Year","Vint_2025","New Elec Cap Cost (Billion 2010 USD)","sum","pal_metis","Reference","elec gen by gen tech and cooling tech and vintage","billion 2010 USD",2025,8.05461312085603
"Reference","Colombia","Colombia","elecNewCapCost","Sources",2030,"Year","Vint_2030","New Elec Cap Cost (Billion 2010 USD)","sum","pal_metis","Reference","elec gen by gen tech and cooling tech and vintage","billion 2010 USD",2030,8.84246065575457
"Reference","Colombia","Colombia","elecNewCapCost","Sources",2035,"Year","Vint_2035","New Elec Cap Cost (Billion 2010 USD)","sum","pal_metis","Reference","elec gen by gen tech and cooling tech and vintage","billion 2010 USD",2035,10.8307572358186
"Reference","Colombia","Colombia","elecNewCapCost","Sources",2040,"Year","Vint_2040","New Elec Cap Cost (Billion 2010 USD)","sum","pal_metis","Reference","elec gen by gen tech and cooling tech and vintage","billion 2010 USD",2040,13.2841066470054
"Reference","Colombia","Colombia","elecNewCapCost","Sources",2045,"Year","Vint_2045","New Elec Cap Cost (Billion 2010 USD)","sum","pal_metis","Reference","elec gen by gen tech and cooling tech and vintage","billion 2010 USD",2045,14.5407049310196
"Reference","Colombia","Colombia","elecNewCapCost","Sources",2050,"Year","Vint_2050","New Elec Cap Cost (Billion 2010 USD)","sum","pal_metis","Reference","elec gen by gen tech and cooling tech and vintage","billion 2010 USD",2050,15.1805630707675
"Reference","Colombia","Colombia","elecNewCapGW","Sources",2015,"Year","Vint_2015","New Elec Cap (GW)","sum","pal_metis","Reference","elec gen by gen tech and cooling tech and vintage","GW",2015,4.07426139554622
"Reference","Colombia","Colombia","elecNewCapGW","Sources",2020,"Year","Vint_2020","New Elec Cap (GW)","sum","pal_metis","Reference","elec gen by gen tech and cooling tech and vintage","GW",2020,0.753659595046205
"Reference","Colombia","Colombia","elecNewCapGW","Sources",2025,"Year","Vint_2025","New Elec Cap (GW)","sum","pal_metis","Reference","elec gen by gen tech and cooling tech and vintage","GW",2025,0.0583421046503292
"Reference","Colombia","Colombia","elecNewCapGW","Sources",2030,"Year","Vint_2030","New Elec Cap (GW)","sum","pal_metis","Reference","elec gen by gen tech and cooling tech and vintage","GW",2030,2.76703276046894
"Reference","Colombia","Colombia","elecNewCapGW","Sources",2035,"Year","Vint_2035","New Elec Cap (GW)","sum","pal_metis","Reference","elec gen by gen tech and cooling tech and vintage","GW",2035,4.60161083595596
"Reference","Colombia","Colombia","elecNewCapGW","Sources",2040,"Year","Vint_2040","New Elec Cap (GW)","sum","pal_metis","Reference","elec gen by gen tech and cooling tech and vintage","GW",2040,5.72589764193092
"Reference","Colombia","Colombia","elecNewCapGW","Sources",2045,"Year","Vint_2045","New Elec Cap (GW)","sum","pal_metis","Reference","elec gen by gen tech and cooling tech and vintage","GW",2045,6.42695313487422
"Reference","Colombia","Colombia","elecNewCapGW","Sources",2050,"Year","Vint_2050","New Elec Cap (GW)","sum","pal_metis","Reference","elec gen by gen tech and cooling tech and vintage","GW",2050,6.73823312596709
